"0","sce <- runPCA(sce)
"
"1","Called from: "
"1",".local(x, ...)
"
"1","debug at ~/Projects/Doctoraat/sgdGMFWrapper/scater/R/runPCA.R#169: "
"1","mat <- .get_mat_from_sce(x, assay.type = assay.type, dimred = dimred, 
"
"1","    n_dimred = n_dimred)
"
"1","debug at ~/Projects/Doctoraat/sgdGMFWrapper/scater/R/runPCA.R#170: "
"1",".calculate_pca(mat, transposed = !is.null(dimred), ...)
"
"0","dim(mat)"
"1","[1]"
"1"," 2844"
"1"," 1543"
"1","
"
"0","dim(x)"
"1","[1]"
"1"," 2844"
"1"," 1543"
"1","
"
"1","Called from: "
"1",".calculate_pca(mat, transposed = !is.null(dimred), ...)
"
"0","dim(x)"
"1","[1]"
"1"," 2844"
"1"," 1543"
"1","
"
"1","debug at ~/Projects/Doctoraat/sgdGMFWrapper/scater/R/runPCA.R#122: "
"1","oldbp <- getAutoBPPARAM()
"
"1","debug at ~/Projects/Doctoraat/sgdGMFWrapper/scater/R/runPCA.R#123: "
"1","setAutoBPPARAM(BPPARAM)
"
"1","debug at ~/Projects/Doctoraat/sgdGMFWrapper/scater/R/runPCA.R#124: "
"1","on.exit(setAutoBPPARAM(oldbp))
"
"1","debug at ~/Projects/Doctoraat/sgdGMFWrapper/scater/R/runPCA.R#126: "
"1","if (.bpNotSharedOrUp(BPPARAM)) {
"
"1","    bpstart(BPPARAM)
"
"1","    on.exit(bpstop(BPPARAM), add = TRUE)
"
"1","}
"
"1","debug at ~/Projects/Doctoraat/sgdGMFWrapper/scater/R/runPCA.R#127: "
"1","bpstart(BPPARAM)
"
"1","debug at ~/Projects/Doctoraat/sgdGMFWrapper/scater/R/runPCA.R#128: "
"1","on.exit(bpstop(BPPARAM), add = TRUE)
"
"1","debug at ~/Projects/Doctoraat/sgdGMFWrapper/scater/R/runPCA.R#131: "
"1","if (!transposed) {
"
"1","    out <- .get_mat_for_reddim(x, subset_row = subset_row, ntop = ntop, 
"
"1","        scale = scale, get.var = TRUE)
"
"1","    x <- out$x
"
"1","    cv <- out$v
"
"1","} else {
"
"1","    cv <- colVars(DelayedArray(x), useNames = TRUE)
"
"1","}
"
"1","debug at ~/Projects/Doctoraat/sgdGMFWrapper/scater/R/runPCA.R#132: "
"1","out <- .get_mat_for_reddim(x, subset_row = subset_row, ntop = ntop, 
"
"1","    scale = scale, get.var = TRUE)
"
"1","debug at ~/Projects/Doctoraat/sgdGMFWrapper/scater/R/runPCA.R#133: "
"1","x <- out$x
"
"0","dim(out$x)"
"1","[1]"
"1"," 1543"
"1","  500"
"1","
"
"1","debug at ~/Projects/Doctoraat/sgdGMFWrapper/scater/R/runPCA.R#134: "
"1","cv <- out$v
"
"1","debug at ~/Projects/Doctoraat/sgdGMFWrapper/scater/R/runPCA.R#139: "
"1","pca <- runPCA(x, rank = ncomponents, BSPARAM = BSPARAM, BPPARAM = BPPARAM)
"
"1","debug at ~/Projects/Doctoraat/sgdGMFWrapper/scater/R/runPCA.R#140: "
"1","varExplained <- pca$sdev^2
"
"0","pca"
"1","$sdev
"
"1"," [1]"
"1"," 7.1806114"
"1"," 2.0971433"
"1"," 1.9916136"
"1"," 1.8456016"
"1"," 1.4734177"
"1"," 1.3064624"
"1"," 1.2368769"
"1"," 1.2050497"
"1"," 1.1792658"
"1"," 1.1480263"
"1","
"
"1","[11]"
"1"," 1.1086491"
"1"," 1.0971727"
"1"," 1.0849346"
"1"," 1.0682862"
"1"," 1.0511541"
"1"," 1.0114389"
"1"," 0.9998926"
"1"," 0.9897768"
"1"," 0.9700558"
"1"," 0.9585748"
"1","
"
"1","[21]"
"1"," 0.9489629"
"1"," 0.9318643"
"1"," 0.9246232"
"1"," 0.9169863"
"1"," 0.9129233"
"1"," 0.9050429"
"1"," 0.9031170"
"1"," 0.8946263"
"1"," 0.8910542"
"1"," 0.8829955"
"1","
"
"1","[31]"
"1"," 0.8739721"
"1"," 0.8632894"
"1"," 0.8587390"
"1"," 0.8558747"
"1"," 0.8505986"
"1"," 0.8411127"
"1"," 0.8357238"
"1"," 0.8300140"
"1"," 0.8273986"
"1"," 0.8234909"
"1","
"
"1","[41]"
"1"," 0.8128636"
"1"," 0.8078438"
"1"," 0.8026437"
"1"," 0.7999425"
"1"," 0.7953566"
"1"," 0.7878599"
"1"," 0.7831762"
"1"," 0.7807149"
"1"," 0.7768423"
"1"," 0.7759799"
"1","
"
"1","
"
"1","$rotation
"
"1","      "
"1","           PC1"
"1","           PC2"
"1","           PC3"
"1","           PC4"
"1","           PC5"
"1","           PC6"
"1","           PC7"
"1","
Q02809"
"1","  2.182105e-01"
"1"," -1.700275e-02"
"1","  2.525270e-03"
"1"," -0.0459076860"
"1"," -2.898429e-02"
"1","  0.0166404933"
"1"," -0.0297999014"
"1","
Q8N3F8"
"1","  1.893221e-01"
"1"," -4.001513e-02"
"1"," -9.208104e-02"
"1"," -0.0274729176"
"1"," -5.251475e-02"
"1","  0.0135323560"
"1"," -0.0550714832"
"1","
P62328"
"1"," -1.733908e-01"
"1","  9.684929e-02"
"1","  1.539913e-02"
"1","  0.0524289808"
"1"," -2.610802e-02"
"1"," -0.0653431471"
"1","  0.0041318737"
"1","
Q8TDI7"
"1"," -1.722054e-01"
"1"," -4.330367e-02"
"1"," -7.331404e-03"
"1","  0.0084620730"
"1"," -4.632838e-02"
"1","  0.0346724038"
"1"," -0.0007869581"
"1","
Q92854"
"1","  1.608970e-01"
"1"," -6.651496e-02"
"1"," -8.875804e-02"
"1"," -0.0020630598"
"1"," -2.391742e-03"
"1","  0.0473636413"
"1"," -0.0300748758"
"1","
Q06830"
"1","  1.334354e-01"
"1","  1.221918e-01"
"1","  5.218666e-02"
"1"," -0.0032829454"
"1"," -2.586352e-02"
"1"," -0.0193645439"
"1"," -0.0221958471"
"1","
P31146"
"1"," -1.253462e-01"
"1","  8.353027e-02"
"1","  5.029867e-03"
"1"," -0.0402154420"
"1","  3.815725e-02"
"1","  0.0208107127"
"1","  0.0239675277"
"1","
P06396"
"1","  1.419347e-01"
"1","  4.119098e-02"
"1","  2.530091e-02"
"1"," -0.0470148218"
"1"," -2.638572e-02"
"1","  0.0526135240"
"1"," -0.0434791951"
"1","
Q9P0W8"
"1"," -1.364749e-01"
"1","  5.853153e-02"
"1","  1.632000e-02"
"1","  0.0158523008"
"1","  3.745304e-02"
"1"," -0.0276422954"
"1","  0.0006365439"
"1","
Q9H2V7"
"1"," -5.385557e-02"
"1","  3.560027e-02"
"1"," -2.680739e-01"
"1","  0.1339636981"
"1"," -1.385673e-01"
"1"," -0.0228947417"
"1"," -0.0814368690"
"1","
Q52M58"
"1","  1.267191e-01"
"1","  1.412046e-02"
"1","  1.038747e-02"
"1","  0.0268197368"
"1","  5.509880e-02"
"1","  0.0063951195"
"1","  0.0389093602"
"1","
Q99615"
"1"," -1.024704e-01"
"1","  8.579961e-04"
"1"," -8.707924e-02"
"1"," -0.1639219062"
"1"," -1.320999e-02"
"1","  0.0196868131"
"1"," -0.0778765378"
"1","
P15104"
"1","  9.241720e-02"
"1"," -7.024680e-02"
"1"," -6.023249e-02"
"1"," -0.0161200989"
"1"," -1.208252e-02"
"1","  0.0400720314"
"1","  0.0298708692"
"1","
P61626"
"1"," -8.556899e-02"
"1","  5.201505e-02"
"1"," -3.222779e-02"
"1"," -0.0576026888"
"1"," -5.409713e-02"
"1"," -0.0199437675"
"1","  0.0107192658"
"1","
O00767"
"1","  9.063061e-02"
"1"," -4.323700e-02"
"1"," -8.193334e-02"
"1"," -0.0788406542"
"1"," -1.805762e-02"
"1","  0.0061107592"
"1","  0.0618582094"
"1","
O75746"
"1","  9.901337e-02"
"1"," -6.869117e-02"
"1","  6.352279e-02"
"1","  0.0988965507"
"1"," -8.853056e-02"
"1"," -0.0034712633"
"1"," -0.0165489251"
"1","
Q00341"
"1"," -1.349694e-02"
"1"," -3.747984e-02"
"1","  5.663881e-03"
"1"," -0.0044351347"
"1","  1.690496e-02"
"1"," -0.3320444103"
"1"," -0.1288788204"
"1","
Q9BQ61"
"1"," -5.184476e-03"
"1","  1.200021e-02"
"1"," -8.557152e-02"
"1","  0.0706012703"
"1"," -6.525045e-02"
"1","  0.3180273806"
"1"," -0.0518849297"
"1","
P25815"
"1"," -9.252510e-02"
"1","  2.230630e-02"
"1","  3.459662e-02"
"1","  0.0046699323"
"1","  3.569362e-02"
"1","  0.0065956661"
"1","  0.0362660061"
"1","
Q7Z2Z2"
"1","  1.093005e-01"
"1"," -6.091974e-02"
"1"," -3.827258e-02"
"1"," -0.0017520178"
"1","  2.780689e-02"
"1","  0.0222719834"
"1","  0.0123542642"
"1","
"
"1","      "
"1","           PC8"
"1","           PC9"
"1","          PC10"
"1","          PC11"
"1","          PC12"
"1","          PC13"
"1","          PC14"
"1","
Q02809"
"1","  1.765731e-04"
"1","  0.0196915523"
"1","  2.062658e-02"
"1","  4.314452e-02"
"1","  1.140716e-02"
"1","  6.567537e-03"
"1","  1.814021e-03"
"1","
Q8N3F8"
"1","  3.810213e-03"
"1","  0.0086048523"
"1"," -1.906043e-02"
"1","  2.864215e-02"
"1"," -2.650398e-02"
"1","  5.309807e-02"
"1"," -3.414901e-02"
"1","
P62328"
"1"," -4.515314e-02"
"1"," -0.0769105269"
"1","  4.654492e-03"
"1"," -1.216747e-02"
"1","  8.614284e-02"
"1"," -5.824682e-03"
"1","  5.776186e-02"
"1","
Q8TDI7"
"1","  1.238386e-03"
"1"," -0.0110299711"
"1","  6.389575e-02"
"1","  2.943026e-02"
"1","  2.589189e-02"
"1","  3.672739e-02"
"1"," -8.168045e-03"
"1","
Q92854"
"1"," -2.400999e-03"
"1","  0.0542619924"
"1","  1.656629e-02"
"1","  5.721601e-03"
"1","  6.167759e-03"
"1","  8.385136e-02"
"1"," -9.928743e-02"
"1","
Q06830"
"1","  1.162509e-02"
"1"," -0.0195009335"
"1"," -5.206583e-02"
"1"," -3.815320e-02"
"1","  1.097661e-02"
"1"," -9.911480e-02"
"1"," -1.455259e-02"
"1","
P31146"
"1"," -3.718963e-02"
"1","  0.0021498460"
"1","  1.868256e-02"
"1","  2.709340e-02"
"1"," -2.309681e-03"
"1"," -2.449209e-02"
"1","  2.752111e-02"
"1","
P06396"
"1"," -7.851452e-03"
"1"," -0.0013962784"
"1","  2.300164e-03"
"1","  1.702796e-02"
"1"," -2.013281e-03"
"1"," -2.499758e-02"
"1","  1.009403e-02"
"1","
Q9P0W8"
"1"," -1.706677e-02"
"1","  0.0425658182"
"1"," -5.513448e-02"
"1"," -4.997594e-03"
"1","  1.259094e-02"
"1"," -1.749297e-02"
"1","  4.087913e-02"
"1","
Q9H2V7"
"1","  8.187141e-02"
"1","  0.0725781351"
"1"," -1.118500e-01"
"1","  2.473129e-01"
"1","  3.648383e-02"
"1"," -1.798278e-02"
"1","  5.238760e-02"
"1","
Q52M58"
"1"," -4.647178e-02"
"1","  0.0371849149"
"1"," -8.569773e-03"
"1","  1.032048e-02"
"1","  2.545296e-04"
"1","  2.710328e-02"
"1"," -2.658307e-02"
"1","
Q99615"
"1"," -1.157735e-02"
"1"," -0.0783623851"
"1","  4.882400e-02"
"1"," -4.310773e-02"
"1","  3.359653e-02"
"1","  4.200623e-02"
"1","  1.744168e-02"
"1","
P15104"
"1","  3.946425e-03"
"1"," -0.0046875137"
"1","  1.830137e-01"
"1"," -3.257403e-03"
"1","  9.275244e-03"
"1","  8.315463e-04"
"1"," -3.221669e-02"
"1","
P61626"
"1","  4.461973e-02"
"1","  0.1177292313"
"1","  6.844002e-02"
"1","  7.392715e-02"
"1"," -8.574126e-03"
"1"," -3.889083e-02"
"1"," -8.866785e-02"
"1","
O00767"
"1"," -4.359390e-03"
"1"," -0.0259014329"
"1","  5.034932e-02"
"1"," -5.605776e-02"
"1","  4.722249e-03"
"1"," -2.639625e-02"
"1"," -7.669913e-02"
"1","
O75746"
"1","  6.226074e-03"
"1"," -0.0443327195"
"1","  4.695246e-02"
"1","  2.288724e-02"
"1","  1.574189e-02"
"1"," -5.907501e-02"
"1","  8.078758e-02"
"1","
Q00341"
"1"," -3.284187e-01"
"1","  0.1242455357"
"1","  1.348839e-01"
"1","  5.374560e-03"
"1"," -6.811594e-02"
"1"," -1.897010e-01"
"1","  6.343489e-02"
"1","
Q9BQ61"
"1"," -3.642871e-01"
"1"," -0.0617274650"
"1"," -7.774557e-02"
"1","  1.004098e-02"
"1","  6.351075e-02"
"1"," -2.048424e-01"
"1"," -1.010077e-01"
"1","
P25815"
"1"," -1.724152e-02"
"1","  0.0242006696"
"1","  1.248935e-03"
"1","  6.829888e-03"
"1","  6.020044e-02"
"1"," -1.283065e-02"
"1","  4.616825e-02"
"1","
Q7Z2Z2"
"1","  1.845747e-03"
"1","  0.0048333627"
"1","  1.365952e-03"
"1","  1.164815e-02"
"1"," -4.000469e-02"
"1","  2.906843e-02"
"1"," -2.931775e-02"
"1","
"
"1","      "
"1","          PC15"
"1","          PC16"
"1","          PC17"
"1","          PC18"
"1","          PC19"
"1","          PC20"
"1","          PC21"
"1","
Q02809"
"1"," -5.454840e-03"
"1"," -3.579222e-03"
"1","  5.061411e-02"
"1"," -0.0077626029"
"1","  0.0423689539"
"1"," -2.240580e-02"
"1"," -3.966023e-02"
"1","
Q8N3F8"
"1"," -2.789194e-03"
"1","  6.377282e-03"
"1","  2.239449e-02"
"1"," -0.0290422223"
"1","  0.0679673333"
"1","  3.263902e-02"
"1"," -3.238156e-02"
"1","
P62328"
"1","  7.788203e-02"
"1"," -3.647413e-02"
"1"," -2.030097e-02"
"1"," -0.0343865874"
"1"," -0.0268951967"
"1"," -9.007688e-03"
"1"," -5.001154e-02"
"1","
Q8TDI7"
"1"," -5.035179e-02"
"1","  1.014913e-01"
"1","  4.141221e-02"
"1"," -0.0388585676"
"1"," -0.0004146468"
"1"," -5.735615e-02"
"1"," -1.801112e-02"
"1","
Q92854"
"1","  3.300163e-02"
"1","  1.203520e-02"
"1"," -2.140243e-02"
"1"," -0.0709847108"
"1","  0.0586885468"
"1","  8.670727e-03"
"1"," -1.232474e-02"
"1","
Q06830"
"1","  7.851500e-02"
"1"," -1.692284e-02"
"1"," -1.037739e-01"
"1"," -0.0119927656"
"1"," -0.1265768657"
"1","  2.089156e-02"
"1"," -9.345221e-02"
"1","
P31146"
"1","  2.468215e-02"
"1","  2.350743e-02"
"1","  1.791652e-02"
"1","  0.0241946575"
"1"," -0.0204354112"
"1"," -3.502992e-03"
"1"," -4.895199e-02"
"1","
P06396"
"1"," -4.624404e-03"
"1"," -1.277122e-02"
"1","  2.379571e-02"
"1"," -0.0248675544"
"1"," -0.0022567615"
"1","  1.382856e-02"
"1"," -1.826104e-02"
"1","
Q9P0W8"
"1","  6.809940e-02"
"1","  7.260723e-03"
"1"," -5.762400e-04"
"1"," -0.0591247447"
"1"," -0.0135551254"
"1"," -9.603737e-03"
"1"," -1.077081e-02"
"1","
Q9H2V7"
"1"," -1.565085e-01"
"1"," -8.575927e-02"
"1"," -4.693523e-02"
"1"," -0.1085917404"
"1"," -0.0781435179"
"1","  2.750083e-03"
"1"," -5.240939e-02"
"1","
Q52M58"
"1"," -1.551425e-02"
"1"," -2.621701e-02"
"1"," -1.592165e-02"
"1","  0.0256667326"
"1"," -0.0067557607"
"1","  3.525223e-03"
"1"," -2.368234e-03"
"1","
Q99615"
"1"," -3.904702e-03"
"1","  4.081659e-02"
"1","  7.146043e-03"
"1"," -0.0305448979"
"1"," -0.0362582629"
"1","  4.272904e-03"
"1"," -5.379140e-02"
"1","
P15104"
"1","  1.476670e-03"
"1","  5.121237e-02"
"1","  1.195156e-01"
"1","  0.0024754185"
"1"," -0.1058559646"
"1"," -1.684976e-01"
"1"," -1.095636e-01"
"1","
P61626"
"1","  1.343652e-01"
"1"," -7.629497e-03"
"1","  4.071773e-02"
"1"," -0.1616557300"
"1","  0.1104938836"
"1"," -1.659329e-02"
"1"," -9.463042e-02"
"1","
O00767"
"1","  3.574744e-02"
"1","  4.218796e-02"
"1"," -2.484218e-02"
"1","  0.0234140945"
"1"," -0.0484915935"
"1"," -5.387030e-02"
"1","  1.564923e-02"
"1","
O75746"
"1","  4.341738e-02"
"1"," -4.980097e-02"
"1","  7.453376e-02"
"1","  0.0292767378"
"1","  0.0036415543"
"1"," -2.034277e-02"
"1"," -8.115487e-02"
"1","
Q00341"
"1"," -1.325744e-01"
"1","  9.446126e-02"
"1","  3.356521e-02"
"1"," -0.1226911108"
"1","  0.0531740916"
"1"," -1.219106e-01"
"1","  8.062115e-02"
"1","
Q9BQ61"
"1"," -6.709435e-03"
"1","  5.344978e-02"
"1"," -2.166333e-02"
"1"," -0.0103573440"
"1"," -0.0591902798"
"1","  1.664618e-02"
"1"," -3.243628e-02"
"1","
P25815"
"1","  4.174780e-02"
"1"," -2.484520e-03"
"1","  7.679946e-02"
"1"," -0.0298141413"
"1"," -0.0212540904"
"1","  2.150244e-02"
"1"," -1.357980e-01"
"1","
Q7Z2Z2"
"1"," -4.455728e-02"
"1"," -8.659701e-03"
"1","  4.827252e-02"
"1"," -0.0031933189"
"1","  0.0855589590"
"1","  8.230632e-03"
"1"," -2.549117e-02"
"1","
"
"1","      "
"1","          PC22"
"1","          PC23"
"1","          PC24"
"1","          PC25"
"1","          PC26"
"1","          PC27"
"1","          PC28"
"1","
Q02809"
"1","  3.636169e-03"
"1","  0.0400032937"
"1"," -2.584581e-02"
"1","  2.036355e-03"
"1"," -0.0008238650"
"1","  1.898216e-02"
"1"," -0.0067773179"
"1","
Q8N3F8"
"1"," -1.218094e-02"
"1"," -0.0023874576"
"1"," -6.583841e-02"
"1","  1.424505e-02"
"1"," -0.0026736326"
"1"," -1.995537e-02"
"1"," -0.0235768047"
"1","
P62328"
"1","  1.379254e-02"
"1","  0.0095207629"
"1"," -4.071111e-03"
"1","  1.678710e-02"
"1"," -0.0321732375"
"1","  8.424210e-02"
"1","  0.0721025105"
"1","
Q8TDI7"
"1"," -5.832791e-02"
"1"," -0.0360390450"
"1","  7.678054e-02"
"1","  1.916226e-02"
"1","  0.0077443284"
"1"," -1.236664e-02"
"1"," -0.0795988505"
"1","
Q92854"
"1","  1.102173e-02"
"1"," -0.0457390459"
"1"," -3.251134e-02"
"1"," -1.022910e-02"
"1","  0.0076599116"
"1","  3.194264e-02"
"1","  0.0073647276"
"1","
Q06830"
"1","  2.326739e-03"
"1"," -0.0299399597"
"1"," -5.143447e-02"
"1"," -1.434229e-01"
"1","  0.0042564828"
"1","  3.268316e-02"
"1"," -0.0640672673"
"1","
P31146"
"1","  1.241720e-01"
"1","  0.0228922967"
"1"," -1.801986e-01"
"1","  9.641598e-02"
"1"," -0.0569338254"
"1","  1.135713e-01"
"1","  0.0263493114"
"1","
P06396"
"1","  1.140966e-02"
"1","  0.0211439714"
"1","  6.564300e-03"
"1"," -4.695545e-03"
"1"," -0.0038061974"
"1","  3.882236e-02"
"1","  0.0241988574"
"1","
Q9P0W8"
"1"," -1.513466e-02"
"1"," -0.0434759468"
"1"," -3.718121e-04"
"1"," -1.049556e-02"
"1","  0.0334889076"
"1","  2.365710e-02"
"1","  0.0260356798"
"1","
Q9H2V7"
"1","  2.142357e-01"
"1","  0.0522781609"
"1"," -9.904796e-03"
"1"," -1.073761e-01"
"1","  0.0818615093"
"1"," -1.624732e-01"
"1"," -0.0241787509"
"1","
Q52M58"
"1"," -9.849269e-03"
"1","  0.0195618804"
"1"," -4.740593e-02"
"1","  2.206417e-02"
"1"," -0.0433316624"
"1"," -2.505186e-02"
"1"," -0.0201576193"
"1","
Q99615"
"1"," -2.969377e-02"
"1"," -0.1329437400"
"1","  7.615312e-02"
"1"," -5.874935e-02"
"1","  0.0133396452"
"1"," -3.473982e-02"
"1","  0.0967800333"
"1","
P15104"
"1","  3.491109e-02"
"1","  0.0461941707"
"1"," -1.874081e-02"
"1","  7.995832e-03"
"1","  0.0744575049"
"1"," -1.124576e-01"
"1","  0.0330221000"
"1","
P61626"
"1","  2.565555e-02"
"1"," -0.0748110116"
"1","  1.855682e-01"
"1"," -8.443264e-03"
"1","  0.0374192052"
"1","  2.182336e-01"
"1","  0.0420734251"
"1","
O00767"
"1","  6.803914e-02"
"1"," -0.0012055181"
"1"," -6.002267e-02"
"1","  3.656930e-02"
"1"," -0.1148036726"
"1","  5.480873e-02"
"1","  0.0280496625"
"1","
O75746"
"1","  1.139334e-02"
"1","  0.0584951859"
"1","  6.953821e-02"
"1"," -4.205901e-02"
"1"," -0.0796117242"
"1","  1.279120e-02"
"1"," -0.0020165998"
"1","
Q00341"
"1"," -1.173958e-01"
"1","  0.0014235087"
"1"," -8.566453e-02"
"1"," -3.555222e-03"
"1","  0.0904766798"
"1"," -3.808394e-02"
"1"," -0.0313675580"
"1","
Q9BQ61"
"1","  5.840708e-02"
"1"," -0.0309758526"
"1"," -1.118053e-01"
"1","  4.333172e-02"
"1"," -0.0610026831"
"1","  2.407772e-02"
"1"," -0.0993439131"
"1","
P25815"
"1","  8.622140e-05"
"1","  0.0279120719"
"1"," -2.064140e-02"
"1"," -3.662153e-02"
"1"," -0.0427303312"
"1","  1.780048e-02"
"1"," -0.0291379483"
"1","
Q7Z2Z2"
"1","  2.567806e-02"
"1"," -0.0005829914"
"1","  2.167715e-02"
"1","  1.626994e-02"
"1","  0.0031695051"
"1"," -1.034004e-02"
"1","  0.0362917917"
"1","
"
"1","      "
"1","          PC29"
"1","          PC30"
"1","          PC31"
"1","          PC32"
"1","          PC33"
"1","          PC34"
"1","          PC35"
"1","
Q02809"
"1","  0.0210635107"
"1","  0.0082596822"
"1","  0.0109748089"
"1"," -4.401497e-05"
"1"," -2.001400e-02"
"1"," -2.872005e-02"
"1"," -1.061958e-03"
"1","
Q8N3F8"
"1","  0.0363490406"
"1","  0.0030755116"
"1"," -0.0067560923"
"1"," -1.575465e-02"
"1","  5.670291e-02"
"1","  3.458154e-02"
"1","  4.885424e-02"
"1","
P62328"
"1","  0.0614226055"
"1","  0.0085578220"
"1","  0.0636699623"
"1"," -5.995040e-02"
"1","  2.863904e-02"
"1","  5.435263e-02"
"1","  8.196540e-03"
"1","
Q8TDI7"
"1"," -0.0773153739"
"1"," -0.0567584155"
"1","  0.0700191082"
"1","  1.650342e-02"
"1"," -1.041371e-02"
"1"," -7.290626e-02"
"1"," -5.233980e-02"
"1","
Q92854"
"1","  0.0239905876"
"1","  0.0024425755"
"1","  0.0498265316"
"1","  3.955592e-02"
"1","  4.419783e-02"
"1","  5.966424e-02"
"1","  4.699829e-03"
"1","
Q06830"
"1"," -0.0449861396"
"1","  0.0137546849"
"1","  0.0134114340"
"1"," -1.362841e-02"
"1"," -5.428825e-02"
"1"," -3.559779e-02"
"1","  3.601636e-02"
"1","
P31146"
"1","  0.0816233839"
"1","  0.1422008809"
"1","  0.0089420787"
"1","  4.592134e-02"
"1"," -2.209794e-05"
"1","  7.629167e-02"
"1"," -4.082211e-02"
"1","
P06396"
"1","  0.0237482759"
"1","  0.0131598715"
"1","  0.0032056054"
"1"," -1.274548e-02"
"1"," -1.412077e-02"
"1","  2.081354e-02"
"1","  3.951876e-02"
"1","
Q9P0W8"
"1"," -0.0368455063"
"1","  0.0058361425"
"1","  0.0406471821"
"1"," -3.821378e-02"
"1"," -3.600241e-03"
"1"," -8.903474e-03"
"1"," -1.203890e-03"
"1","
Q9H2V7"
"1"," -0.0187165883"
"1","  0.0681843605"
"1"," -0.0289713884"
"1","  3.279178e-02"
"1","  1.190209e-01"
"1"," -1.134417e-01"
"1"," -7.182201e-03"
"1","
Q52M58"
"1"," -0.0111089109"
"1"," -0.0235165258"
"1","  0.0093741520"
"1","  8.815844e-04"
"1","  3.185505e-02"
"1","  6.700603e-03"
"1","  3.732595e-02"
"1","
Q99615"
"1","  0.0185197684"
"1"," -0.0457438164"
"1"," -0.0060713708"
"1"," -1.615731e-02"
"1"," -3.827683e-02"
"1","  3.805737e-02"
"1"," -1.341605e-01"
"1","
P15104"
"1","  0.1308314525"
"1"," -0.0435829400"
"1"," -0.1034019418"
"1"," -2.536729e-02"
"1"," -1.016153e-01"
"1"," -4.267218e-02"
"1"," -1.052662e-01"
"1","
P61626"
"1"," -0.0204055484"
"1","  0.1674374804"
"1","  0.1018475852"
"1","  4.372662e-02"
"1","  8.225236e-02"
"1"," -1.238978e-01"
"1","  4.377267e-02"
"1","
O00767"
"1"," -0.0144780134"
"1"," -0.0287613754"
"1","  0.0269446073"
"1"," -5.768636e-02"
"1","  1.517443e-02"
"1"," -1.525419e-02"
"1","  6.293326e-02"
"1","
O75746"
"1","  0.0368405412"
"1"," -0.0291507581"
"1","  0.0115003517"
"1","  9.660340e-03"
"1"," -2.195411e-02"
"1"," -1.720887e-02"
"1"," -9.346936e-02"
"1","
Q00341"
"1","  0.0253642712"
"1"," -0.0339513988"
"1","  0.0363492953"
"1"," -7.868341e-02"
"1"," -7.548754e-02"
"1"," -1.559363e-01"
"1","  7.520736e-02"
"1","
Q9BQ61"
"1"," -0.0688489313"
"1","  0.0238594643"
"1"," -0.0617758751"
"1"," -1.266168e-01"
"1","  8.401005e-02"
"1","  7.619178e-02"
"1"," -6.431161e-02"
"1","
P25815"
"1","  0.1545152744"
"1","  0.0057444222"
"1","  0.0165756595"
"1"," -2.445268e-02"
"1"," -6.248087e-02"
"1","  5.117822e-02"
"1","  5.690855e-02"
"1","
Q7Z2Z2"
"1","  0.0161852847"
"1"," -0.0094316449"
"1","  0.0170999561"
"1"," -1.356578e-02"
"1","  1.069763e-02"
"1"," -3.981784e-03"
"1","  1.860131e-02"
"1","
"
"1","      "
"1","          PC36"
"1","          PC37"
"1","          PC38"
"1","          PC39"
"1","          PC40"
"1","          PC41"
"1","          PC42"
"1","
Q02809"
"1"," -1.735945e-02"
"1","  1.839519e-02"
"1","  2.291350e-02"
"1","  1.296069e-02"
"1","  1.161978e-02"
"1"," -1.855598e-02"
"1","  4.240300e-02"
"1","
Q8N3F8"
"1","  7.425472e-04"
"1","  6.141500e-03"
"1"," -8.028595e-02"
"1"," -1.785126e-02"
"1","  1.093109e-02"
"1"," -2.772976e-02"
"1"," -2.145105e-02"
"1","
P62328"
"1"," -1.901129e-03"
"1"," -2.902341e-02"
"1","  7.484569e-03"
"1","  3.373379e-02"
"1","  4.535644e-02"
"1"," -1.375988e-01"
"1","  4.814031e-03"
"1","
Q8TDI7"
"1"," -6.187229e-02"
"1"," -1.198007e-02"
"1"," -3.806031e-03"
"1","  6.039668e-02"
"1","  1.010026e-01"
"1","  5.200777e-02"
"1","  9.883330e-02"
"1","
Q92854"
"1","  2.967013e-03"
"1","  2.332676e-02"
"1"," -3.339611e-02"
"1","  2.827965e-02"
"1","  1.192485e-02"
"1"," -1.678965e-02"
"1"," -7.148040e-03"
"1","
Q06830"
"1","  2.973519e-03"
"1"," -2.054927e-02"
"1","  8.853736e-02"
"1","  2.887953e-02"
"1","  4.288696e-02"
"1"," -1.013488e-01"
"1"," -6.919036e-02"
"1","
P31146"
"1","  7.281866e-03"
"1","  1.325534e-01"
"1"," -6.655920e-02"
"1","  1.730519e-02"
"1"," -1.719437e-02"
"1","  7.727251e-03"
"1"," -2.008215e-02"
"1","
P06396"
"1"," -9.226754e-03"
"1"," -7.934239e-03"
"1","  2.619980e-02"
"1"," -2.345511e-03"
"1"," -9.418218e-03"
"1","  8.982656e-04"
"1"," -1.906860e-02"
"1","
Q9P0W8"
"1"," -1.082635e-02"
"1","  1.976405e-02"
"1","  1.828963e-03"
"1"," -2.590527e-03"
"1","  1.340072e-02"
"1","  7.189032e-03"
"1","  3.692583e-02"
"1","
Q9H2V7"
"1"," -9.120856e-02"
"1","  4.443255e-02"
"1","  1.363371e-01"
"1"," -5.607223e-02"
"1"," -5.547223e-02"
"1"," -1.156112e-02"
"1"," -1.266076e-02"
"1","
Q52M58"
"1","  4.150253e-03"
"1"," -1.285956e-02"
"1","  3.079039e-02"
"1"," -1.228202e-02"
"1"," -1.866269e-02"
"1"," -1.556361e-02"
"1"," -2.330073e-03"
"1","
Q99615"
"1","  7.539944e-03"
"1"," -1.264957e-02"
"1","  4.791904e-03"
"1","  1.090358e-01"
"1","  5.008257e-02"
"1","  1.936966e-02"
"1"," -9.056068e-02"
"1","
P15104"
"1","  1.970285e-01"
"1","  1.011596e-01"
"1","  1.672155e-01"
"1","  5.599379e-03"
"1","  3.521308e-02"
"1","  1.001955e-02"
"1","  6.027564e-02"
"1","
P61626"
"1"," -2.087518e-03"
"1"," -6.462476e-02"
"1","  4.162599e-02"
"1","  4.908355e-02"
"1","  3.761238e-02"
"1","  3.181058e-02"
"1"," -1.437502e-02"
"1","
O00767"
"1"," -8.091029e-03"
"1","  1.718377e-02"
"1","  9.667609e-02"
"1"," -8.406497e-02"
"1","  4.918442e-02"
"1","  7.653812e-02"
"1","  8.490935e-03"
"1","
O75746"
"1","  3.829615e-03"
"1","  3.958335e-02"
"1","  7.795814e-03"
"1"," -7.758532e-02"
"1","  6.614562e-02"
"1"," -1.015244e-02"
"1","  1.043149e-01"
"1","
Q00341"
"1","  1.402197e-02"
"1"," -1.263503e-01"
"1","  3.532973e-02"
"1"," -8.080333e-02"
"1"," -2.403498e-03"
"1","  8.629264e-02"
"1"," -4.686317e-02"
"1","
Q9BQ61"
"1","  2.543388e-02"
"1","  6.651272e-02"
"1"," -9.185735e-02"
"1"," -2.472781e-02"
"1","  5.966052e-02"
"1"," -1.290379e-02"
"1"," -3.885034e-03"
"1","
P25815"
"1"," -2.256144e-02"
"1"," -1.835926e-02"
"1"," -3.838950e-03"
"1"," -4.391922e-02"
"1","  4.509044e-02"
"1","  1.089197e-02"
"1"," -2.906740e-02"
"1","
Q7Z2Z2"
"1"," -1.198501e-02"
"1","  1.181115e-02"
"1"," -1.009932e-02"
"1"," -5.634540e-03"
"1","  9.171366e-03"
"1","  4.182231e-03"
"1","  8.911204e-03"
"1","
"
"1","      "
"1","          PC43"
"1","          PC44"
"1","          PC45"
"1","          PC46"
"1","          PC47"
"1","          PC48"
"1","          PC49"
"1","
Q02809"
"1","  0.0071536404"
"1"," -4.177225e-02"
"1","  0.0035250236"
"1"," -0.0571884145"
"1","  2.446773e-02"
"1"," -5.517666e-03"
"1"," -5.010878e-03"
"1","
Q8N3F8"
"1"," -0.0035347637"
"1"," -3.669444e-02"
"1"," -0.0100990283"
"1"," -0.0230374130"
"1","  6.783336e-02"
"1","  2.123216e-02"
"1","  2.693461e-02"
"1","
P62328"
"1","  0.0135484984"
"1","  2.357166e-02"
"1","  0.0617992930"
"1","  0.0081517377"
"1","  5.476276e-02"
"1","  6.522460e-02"
"1","  9.316096e-02"
"1","
Q8TDI7"
"1","  0.0679458254"
"1"," -1.478662e-02"
"1","  0.0248649677"
"1","  0.1598773787"
"1"," -1.898593e-02"
"1"," -9.446130e-03"
"1"," -2.822894e-02"
"1","
Q92854"
"1","  0.0076447543"
"1"," -2.452828e-02"
"1"," -0.0699842051"
"1","  0.0262799393"
"1"," -2.213522e-03"
"1"," -7.146328e-02"
"1"," -9.052564e-04"
"1","
Q06830"
"1"," -0.0083940858"
"1","  3.020188e-02"
"1","  0.0025772024"
"1"," -0.0455782396"
"1","  5.681623e-02"
"1","  4.269152e-02"
"1"," -2.962419e-02"
"1","
P31146"
"1"," -0.0309142135"
"1"," -1.657509e-02"
"1"," -0.1052389772"
"1","  0.0618154653"
"1","  6.348665e-02"
"1"," -4.355160e-02"
"1","  1.191226e-01"
"1","
P06396"
"1","  0.0008564504"
"1","  1.904411e-03"
"1","  0.0053009845"
"1"," -0.0064065983"
"1","  8.309540e-03"
"1","  2.710156e-02"
"1","  4.211471e-03"
"1","
Q9P0W8"
"1"," -0.0043805148"
"1","  2.363997e-02"
"1","  0.0412282826"
"1","  0.0289772834"
"1"," -4.500201e-03"
"1","  2.058549e-02"
"1","  3.843634e-02"
"1","
Q9H2V7"
"1","  0.0529320490"
"1","  9.075872e-03"
"1","  0.0282942174"
"1"," -0.0043111207"
"1","  1.068193e-01"
"1"," -3.200202e-02"
"1"," -6.065807e-02"
"1","
Q52M58"
"1"," -0.0233730199"
"1"," -1.100152e-02"
"1"," -0.0384058278"
"1"," -0.0408787229"
"1","  2.910263e-02"
"1"," -2.082185e-02"
"1"," -2.466726e-02"
"1","
Q99615"
"1"," -0.0129919387"
"1","  5.316414e-02"
"1","  0.0542505372"
"1","  0.0754808533"
"1"," -4.319127e-02"
"1","  4.513663e-02"
"1"," -2.738078e-02"
"1","
P15104"
"1","  0.1497898279"
"1"," -3.328853e-02"
"1","  0.0519612764"
"1","  0.0686853001"
"1"," -5.681825e-02"
"1","  9.127047e-02"
"1","  3.044120e-02"
"1","
P61626"
"1","  0.0073309434"
"1"," -8.894534e-02"
"1","  0.0406186262"
"1"," -0.0690775805"
"1","  3.540706e-02"
"1"," -8.324983e-02"
"1","  2.512657e-02"
"1","
O00767"
"1","  0.0232930978"
"1"," -1.146406e-02"
"1"," -0.0064759171"
"1","  0.0811533715"
"1"," -6.378046e-02"
"1"," -1.923043e-02"
"1"," -3.077918e-02"
"1","
O75746"
"1","  0.0026350220"
"1","  6.983839e-03"
"1"," -0.0254741275"
"1","  0.0413262834"
"1","  5.943475e-02"
"1"," -1.004160e-02"
"1","  1.541236e-02"
"1","
Q00341"
"1","  0.0363188088"
"1"," -4.378349e-02"
"1"," -0.0783821017"
"1"," -0.0010484702"
"1"," -3.247669e-02"
"1"," -8.102633e-02"
"1"," -4.294197e-02"
"1","
Q9BQ61"
"1","  0.0215162471"
"1"," -8.741475e-02"
"1"," -0.0291356533"
"1"," -0.0193935399"
"1"," -3.218933e-02"
"1"," -8.490359e-02"
"1","  1.953164e-02"
"1","
P25815"
"1"," -0.0399906751"
"1","  4.933432e-02"
"1"," -0.0424640098"
"1","  0.0077924412"
"1"," -1.649956e-02"
"1","  7.421308e-02"
"1"," -6.211604e-03"
"1","
Q7Z2Z2"
"1","  0.0250534242"
"1"," -1.159771e-02"
"1"," -0.0133757448"
"1","  0.0081878490"
"1","  2.757898e-02"
"1"," -1.166980e-02"
"1","  3.446100e-02"
"1","
"
"1","      "
"1","          PC50"
"1","
Q02809"
"1","  0.0134088535"
"1","
Q8N3F8"
"1"," -0.0346454099"
"1","
P62328"
"1"," -0.0049834113"
"1","
Q8TDI7"
"1"," -0.0025716221"
"1","
Q92854"
"1","  0.0082789049"
"1","
Q06830"
"1","  0.0294594849"
"1","
P31146"
"1","  0.0593140573"
"1","
P06396"
"1","  0.0443346357"
"1","
Q9P0W8"
"1"," -0.0014257784"
"1","
Q9H2V7"
"1","  0.0830947542"
"1","
Q52M58"
"1","  0.0275858146"
"1","
Q99615"
"1","  0.0079569363"
"1","
P15104"
"1"," -0.0243979873"
"1","
P61626"
"1"," -0.0059707268"
"1","
O00767"
"1","  0.0636251534"
"1","
O75746"
"1","  0.0223157301"
"1","
Q00341"
"1","  0.0133232038"
"1","
Q9BQ61"
"1"," -0.1210893244"
"1","
P25815"
"1"," -0.0099271883"
"1","
Q7Z2Z2"
"1"," -0.0215549402"
"1","
"
"1"," [ reached getOption(""max.print"") -- omitted 480 rows ]
"
"1","
"
"1","$x
"
"1","            "
"1","        PC1"
"1","           PC2"
"1","          PC3"
"1","          PC4"
"1","           PC5"
"1","           PC6"
"1","           PC7"
"1","
eAL00219RI10"
"1"," -7.3264191"
"1","  -1.522736842"
"1","  0.464817409"
"1","  3.349464508"
"1"," -1.522816e+00"
"1","  0.0098057335"
"1","  1.915280e-01"
"1","
eAL00224RI10"
"1"," -6.5043915"
"1","   2.189814890"
"1"," -4.674214636"
"1","  3.206672003"
"1"," -4.325510e-01"
"1","  0.0567085477"
"1","  2.616134e-01"
"1","
wAL00208RI10"
"1"," -8.0493394"
"1","   1.954241737"
"1"," -1.118812340"
"1"," -1.353487229"
"1","  3.032603e+00"
"1","  1.0430865297"
"1"," -2.044215e+00"
"1","
wAL00208RI13"
"1","  7.4175854"
"1","  -0.606104284"
"1","  0.912467880"
"1","  0.878035810"
"1","  4.561940e-01"
"1","  1.1344386462"
"1"," -3.411885e-01"
"1","
wAL00208RI14"
"1","  6.2479800"
"1","  -5.791188264"
"1","  0.416429383"
"1","  1.188725870"
"1","  3.792790e+00"
"1"," -0.8236740785"
"1","  3.072546e-01"
"1","
wAL00208RI15"
"1","  0.4673268"
"1","  -7.611274123"
"1"," -3.991949608"
"1"," -1.182178762"
"1","  1.396924e+00"
"1"," -2.1520927035"
"1"," -1.139609e+00"
"1","
wAL00208RI16"
"1","  4.5374991"
"1","  -3.024556645"
"1","  1.239008866"
"1","  0.265432052"
"1","  2.210947e+00"
"1"," -1.2103889030"
"1"," -1.646599e+00"
"1","
wAL00208RI17"
"1","  7.3202001"
"1","   0.568437650"
"1","  1.008643474"
"1","  0.157652266"
"1"," -2.568161e-01"
"1","  0.7154235463"
"1"," -1.897854e+00"
"1","
wAL00208RI18"
"1","  5.6641212"
"1","  -1.475457647"
"1","  0.991188286"
"1","  0.533331519"
"1","  1.091039e+00"
"1"," -0.0206189740"
"1"," -1.386482e+00"
"1","
eAL00224RI11"
"1"," -6.4522872"
"1","   3.628933501"
"1"," -4.314478861"
"1","  2.904604584"
"1","  1.971360e+00"
"1"," -0.4857955324"
"1"," -1.621469e+00"
"1","
wAL00209RI5 "
"1"," -5.7841345"
"1","   0.403674828"
"1"," -0.785660931"
"1"," -0.577765101"
"1","  1.396956e+00"
"1","  2.9228083351"
"1"," -2.294558e+00"
"1","
wAL00209RI6 "
"1"," -8.0732530"
"1","   0.753421754"
"1"," -0.358622996"
"1"," -0.944390249"
"1","  1.605897e+00"
"1","  2.6644973117"
"1"," -2.054013e+00"
"1","
wAL00209RI7 "
"1"," -7.4713416"
"1","   2.191789547"
"1"," -0.804820153"
"1","  0.919441053"
"1","  3.013568e+00"
"1","  0.9288975138"
"1"," -1.128705e+00"
"1","
wAL00209RI8 "
"1"," -7.4394207"
"1","   1.307355818"
"1"," -0.381535122"
"1"," -0.186155870"
"1","  1.610353e+00"
"1","  0.6654228556"
"1","  2.658369e-01"
"1","
wAL00209RI9 "
"1"," -7.8135561"
"1","   0.770051043"
"1"," -0.215149451"
"1"," -1.902690366"
"1","  9.969422e-01"
"1","  1.9754740522"
"1"," -4.067494e+00"
"1","
wAL00209RI10"
"1"," -6.9226537"
"1","   1.073650622"
"1"," -1.155494420"
"1"," -1.864887451"
"1","  8.351390e-01"
"1","  1.4042229751"
"1"," -3.152686e+00"
"1","
eAL00224RI12"
"1"," -6.7031537"
"1","   0.569281817"
"1"," -3.485555521"
"1","  2.374170826"
"1","  9.177498e-01"
"1","  0.0751836222"
"1"," -1.189394e+00"
"1","
wAL00209RI12"
"1","  8.0319491"
"1","   1.155280108"
"1","  0.087412129"
"1","  2.025791665"
"1","  1.348892e+00"
"1"," -0.1510430080"
"1"," -1.801350e+00"
"1","
wAL00209RI13"
"1","  7.7119727"
"1","  -0.343132179"
"1"," -0.178599897"
"1","  1.314863604"
"1"," -6.876512e-01"
"1","  1.2076772283"
"1"," -1.551427e+00"
"1","
wAL00209RI14"
"1","  5.7387452"
"1","  -1.622977574"
"1"," -0.602953715"
"1","  0.427034593"
"1"," -4.928697e-01"
"1","  3.2118376071"
"1"," -2.045670e+00"
"1","
"
"1","            "
"1","          PC8"
"1","          PC9"
"1","         PC10"
"1","          PC11"
"1","          PC12"
"1","         PC13"
"1","          PC14"
"1","
eAL00219RI10"
"1","  0.208598738"
"1","  1.813562883"
"1","  1.145883177"
"1","  0.2279712377"
"1"," -2.3878072090"
"1","  1.168545522"
"1"," -3.9336656356"
"1","
eAL00224RI10"
"1"," -2.830018326"
"1","  1.529340702"
"1"," -1.509435784"
"1","  0.4954575708"
"1","  0.1007953854"
"1","  0.177911607"
"1","  1.0593655047"
"1","
wAL00208RI10"
"1","  0.786705837"
"1"," -1.013715795"
"1"," -1.753109679"
"1","  0.1394426677"
"1","  0.1147094270"
"1","  0.596521008"
"1","  0.5306507310"
"1","
wAL00208RI13"
"1","  0.386137386"
"1"," -1.392413952"
"1","  1.007890098"
"1","  0.0267765733"
"1","  0.9093995983"
"1"," -1.872023596"
"1","  1.3043903861"
"1","
wAL00208RI14"
"1"," -0.615613961"
"1","  0.492014200"
"1"," -0.794306827"
"1","  0.2107012414"
"1"," -0.7972303705"
"1"," -0.310650821"
"1","  1.5786651807"
"1","
wAL00208RI15"
"1","  0.767929025"
"1"," -0.362004470"
"1","  0.154380490"
"1","  0.4269843882"
"1","  1.3757329344"
"1"," -0.021497654"
"1"," -0.9288207586"
"1","
wAL00208RI16"
"1"," -1.518400477"
"1","  0.694823137"
"1"," -0.418460329"
"1","  1.2592123026"
"1","  1.1737963854"
"1"," -0.522567286"
"1","  0.7845176173"
"1","
wAL00208RI17"
"1","  0.560038474"
"1","  0.379055661"
"1","  1.949584522"
"1","  0.3730341008"
"1","  0.9726931975"
"1"," -0.428052851"
"1","  1.4541558533"
"1","
wAL00208RI18"
"1","  0.601457644"
"1","  0.667438166"
"1","  0.239697344"
"1","  0.6806076860"
"1","  1.0948226388"
"1","  0.749415353"
"1","  1.5821798486"
"1","
eAL00224RI11"
"1"," -1.699511184"
"1","  0.217250231"
"1"," -1.963846005"
"1"," -1.4498911348"
"1","  0.4817104474"
"1","  0.312890077"
"1","  2.2227934023"
"1","
wAL00209RI5 "
"1"," -1.037331384"
"1"," -0.602740286"
"1"," -0.196819066"
"1","  0.3869197483"
"1"," -2.6223596555"
"1"," -1.783836170"
"1"," -0.1430539505"
"1","
wAL00209RI6 "
"1"," -1.238335767"
"1","  0.300440419"
"1","  1.484602077"
"1","  1.2243006689"
"1"," -0.3360980378"
"1"," -0.853713957"
"1"," -0.1606521886"
"1","
wAL00209RI7 "
"1"," -0.643172944"
"1","  1.122397983"
"1"," -0.415708426"
"1","  0.9666379153"
"1"," -0.0803489524"
"1","  1.635509781"
"1"," -0.7915621360"
"1","
wAL00209RI8 "
"1"," -1.181407711"
"1","  0.019832224"
"1"," -0.657627230"
"1"," -0.3473780931"
"1"," -0.7040029415"
"1","  1.013046644"
"1","  0.2459412855"
"1","
wAL00209RI9 "
"1","  1.142075359"
"1"," -0.833757662"
"1","  1.488649283"
"1"," -0.7553513221"
"1","  2.0197061956"
"1"," -0.355701983"
"1"," -0.9810471871"
"1","
wAL00209RI10"
"1","  0.589659782"
"1"," -0.682239288"
"1"," -0.002304984"
"1","  1.0744903106"
"1"," -0.0440287489"
"1","  1.001405145"
"1","  0.9075877320"
"1","
eAL00224RI12"
"1"," -1.773150354"
"1","  0.603253528"
"1"," -1.987621485"
"1"," -2.3141596709"
"1","  1.1341150525"
"1"," -0.573424895"
"1","  1.8526863563"
"1","
wAL00209RI12"
"1"," -0.399840357"
"1"," -1.434978495"
"1"," -0.311228811"
"1","  0.4157310894"
"1","  0.3994908472"
"1"," -0.391094603"
"1"," -0.5122782945"
"1","
wAL00209RI13"
"1"," -0.935441887"
"1"," -0.401666364"
"1","  1.572394475"
"1","  0.6331054477"
"1"," -0.4263552072"
"1"," -0.065877967"
"1"," -0.1189329683"
"1","
wAL00209RI14"
"1"," -0.019182315"
"1"," -0.300995913"
"1","  0.651899094"
"1","  1.0660207241"
"1","  0.6255774593"
"1","  0.350515512"
"1","  0.1846927906"
"1","
"
"1","            "
"1","          PC15"
"1","         PC16"
"1","         PC17"
"1","          PC18"
"1","          PC19"
"1","          PC20"
"1","
eAL00219RI10"
"1","  1.5527564293"
"1","  1.774656937"
"1"," -0.999211836"
"1"," -1.3834568081"
"1"," -0.7350448525"
"1"," -1.1827563515"
"1","
eAL00224RI10"
"1","  2.0830840606"
"1","  1.948858677"
"1","  0.142144875"
"1","  0.3834060522"
"1"," -0.9663262518"
"1","  0.2525059862"
"1","
wAL00208RI10"
"1","  0.5143896839"
"1","  0.642249165"
"1"," -0.214744261"
"1"," -0.3703008119"
"1"," -0.3530069713"
"1"," -1.5256106779"
"1","
wAL00208RI13"
"1","  0.8286048503"
"1","  0.841912035"
"1"," -0.215185927"
"1"," -0.6376990196"
"1"," -2.2005494617"
"1"," -0.4854439351"
"1","
wAL00208RI14"
"1"," -0.1360843682"
"1","  0.156171487"
"1"," -1.455469146"
"1","  0.7241784858"
"1"," -2.0407917048"
"1"," -0.1881801450"
"1","
wAL00208RI15"
"1","  1.1027425044"
"1","  0.461900749"
"1","  0.724517575"
"1","  0.2662658691"
"1"," -0.2956317097"
"1","  0.7981851291"
"1","
wAL00208RI16"
"1","  0.0313837182"
"1","  0.153974899"
"1"," -0.746330233"
"1"," -0.0565831227"
"1"," -1.8908811117"
"1","  0.6291735261"
"1","
wAL00208RI17"
"1","  2.1554073565"
"1","  1.249710213"
"1","  0.115864434"
"1","  0.5534547078"
"1","  0.3552606142"
"1","  0.5746302886"
"1","
wAL00208RI18"
"1","  2.2809249364"
"1","  1.121384244"
"1","  0.125754413"
"1","  1.4926723011"
"1"," -1.2572822797"
"1","  0.7727364734"
"1","
eAL00224RI11"
"1"," -0.1181636409"
"1","  2.613589431"
"1","  1.477760293"
"1","  0.1403732848"
"1"," -0.6589230029"
"1","  0.6472151342"
"1","
wAL00209RI5 "
"1","  1.9526329938"
"1","  0.409268531"
"1","  0.236738557"
"1","  0.3471272100"
"1","  0.4801991245"
"1","  0.8679589946"
"1","
wAL00209RI6 "
"1","  1.1815178245"
"1"," -1.842969105"
"1"," -0.304091351"
"1","  0.5862659855"
"1","  0.4156401661"
"1","  0.3127315108"
"1","
wAL00209RI7 "
"1","  1.2220482601"
"1"," -1.196047336"
"1","  0.546281234"
"1","  0.7556091828"
"1"," -0.1654551398"
"1","  0.7740393312"
"1","
wAL00209RI8 "
"1","  1.3691181906"
"1"," -1.294088268"
"1","  0.610624137"
"1","  0.0658092572"
"1"," -0.5864937755"
"1","  1.3875004744"
"1","
wAL00209RI9 "
"1"," -0.8222348821"
"1","  0.453186122"
"1","  0.751068477"
"1","  0.0180895673"
"1","  0.7311478510"
"1","  0.6353204776"
"1","
wAL00209RI10"
"1"," -0.2300402073"
"1","  0.013595224"
"1","  0.475452529"
"1"," -0.5968906932"
"1","  0.3626352057"
"1","  1.0618763796"
"1","
eAL00224RI12"
"1","  0.9837742235"
"1","  1.235574479"
"1","  1.675390712"
"1"," -0.4013803140"
"1"," -0.5195408623"
"1","  1.1955086447"
"1","
wAL00209RI12"
"1","  0.8017392197"
"1"," -0.586104145"
"1"," -0.617931998"
"1","  0.4398321028"
"1"," -0.6799169844"
"1"," -0.0908377826"
"1","
wAL00209RI13"
"1","  2.3124464399"
"1","  0.027273493"
"1"," -0.520365512"
"1"," -1.4496027563"
"1","  0.4382321786"
"1","  1.6654436418"
"1","
wAL00209RI14"
"1","  1.6672553975"
"1"," -0.972292580"
"1","  0.126463267"
"1","  0.2500514756"
"1","  0.7603491908"
"1","  0.7827089634"
"1","
"
"1","            "
"1","          PC21"
"1","          PC22"
"1","         PC23"
"1","         PC24"
"1","          PC25"
"1","          PC26"
"1","
eAL00219RI10"
"1","  0.3146971273"
"1","  1.9893172881"
"1"," -0.967187738"
"1","  0.448894001"
"1"," -0.9688606067"
"1","  0.9089140287"
"1","
eAL00224RI10"
"1"," -0.2176800204"
"1"," -0.0425291850"
"1","  0.398119275"
"1"," -0.129252285"
"1","  1.2693417495"
"1","  1.5864095008"
"1","
wAL00208RI10"
"1"," -0.4510982079"
"1"," -1.4675228689"
"1"," -0.586788629"
"1","  0.489377016"
"1"," -0.8156354172"
"1","  1.0734120560"
"1","
wAL00208RI13"
"1","  0.4504555707"
"1","  0.7139601415"
"1","  0.059740909"
"1"," -1.409505371"
"1","  0.2097731690"
"1","  1.2299604313"
"1","
wAL00208RI14"
"1","  0.7931077848"
"1"," -0.6202383281"
"1","  0.815716710"
"1"," -0.732233159"
"1","  1.3369210807"
"1"," -0.6962245855"
"1","
wAL00208RI15"
"1","  0.7630420372"
"1"," -0.2531536616"
"1","  1.215398798"
"1"," -0.559075173"
"1"," -1.4021693048"
"1","  0.7773483471"
"1","
wAL00208RI16"
"1","  1.4843081630"
"1"," -0.2716668048"
"1","  0.933875311"
"1"," -1.319928158"
"1","  1.6834199592"
"1","  0.8232986206"
"1","
wAL00208RI17"
"1","  0.2079325206"
"1"," -0.8432651474"
"1","  0.474612933"
"1"," -0.562528101"
"1"," -0.6451132770"
"1","  0.1785716760"
"1","
wAL00208RI18"
"1","  0.3544142819"
"1","  0.5912428701"
"1","  0.066077618"
"1"," -1.034537246"
"1"," -0.3175335414"
"1"," -0.0018198920"
"1","
eAL00224RI11"
"1","  0.2825255847"
"1"," -0.2580964388"
"1","  0.091518855"
"1"," -0.974923592"
"1","  1.4156768226"
"1","  0.8965744314"
"1","
wAL00209RI5 "
"1","  0.1414471014"
"1"," -0.0304333678"
"1"," -0.277803496"
"1","  0.102869182"
"1"," -0.2457852190"
"1"," -0.9298465185"
"1","
wAL00209RI6 "
"1","  0.4167401613"
"1"," -0.7673094750"
"1"," -2.105989190"
"1","  1.184689959"
"1"," -1.0669008687"
"1"," -1.4444243814"
"1","
wAL00209RI7 "
"1"," -0.7709857919"
"1"," -1.0047517462"
"1"," -0.196870247"
"1"," -1.427134977"
"1"," -0.1893978510"
"1"," -0.6928163462"
"1","
wAL00209RI8 "
"1","  0.2706811845"
"1","  0.1260176346"
"1"," -0.365260402"
"1"," -1.273604169"
"1","  0.5190714736"
"1"," -1.5776721747"
"1","
wAL00209RI9 "
"1"," -1.0847042992"
"1"," -2.4279747932"
"1"," -1.378477940"
"1","  1.018315190"
"1"," -0.9591507994"
"1"," -0.6019446626"
"1","
wAL00209RI10"
"1","  0.7695791052"
"1"," -0.8566013993"
"1"," -1.041255904"
"1"," -0.633401027"
"1"," -1.5744170376"
"1"," -0.4466426573"
"1","
eAL00224RI12"
"1","  0.9326676907"
"1","  0.5722079566"
"1","  0.670432836"
"1","  0.959709978"
"1","  0.9509431248"
"1","  2.4250270317"
"1","
wAL00209RI12"
"1"," -0.2970375883"
"1"," -1.3284670246"
"1"," -1.526429563"
"1","  1.202245581"
"1"," -0.4086694783"
"1"," -0.4802154421"
"1","
wAL00209RI13"
"1"," -1.0620889834"
"1"," -0.9014709939"
"1"," -1.487677993"
"1"," -0.089866422"
"1"," -0.9712175122"
"1"," -0.0541559088"
"1","
wAL00209RI14"
"1","  0.7451404659"
"1"," -1.6676072781"
"1"," -0.667860148"
"1","  1.080148567"
"1","  0.0095736721"
"1"," -0.4902744325"
"1","
"
"1","            "
"1","          PC27"
"1","          PC28"
"1","         PC29"
"1","          PC30"
"1","         PC31"
"1","          PC32"
"1","
eAL00219RI10"
"1","  1.2396544813"
"1"," -0.2160985178"
"1"," -0.305037463"
"1"," -0.1128935218"
"1"," -0.514444035"
"1","  2.0042426758"
"1","
eAL00224RI10"
"1","  0.3977161400"
"1"," -1.7383220754"
"1"," -0.511654918"
"1"," -1.1505461863"
"1"," -0.734132483"
"1","  2.0021290255"
"1","
wAL00208RI10"
"1","  1.1122840283"
"1","  1.0565142092"
"1"," -0.318451264"
"1","  0.2743167552"
"1"," -1.594383554"
"1","  0.9525590764"
"1","
wAL00208RI13"
"1"," -0.0818885900"
"1","  0.3051292235"
"1","  0.325529547"
"1","  0.0487378448"
"1"," -0.697129844"
"1","  0.3883088907"
"1","
wAL00208RI14"
"1","  3.2324133324"
"1","  0.6405231038"
"1","  0.711195384"
"1","  1.6995969959"
"1"," -0.425410149"
"1","  2.4388209347"
"1","
wAL00208RI15"
"1","  1.8922295879"
"1"," -0.3946748707"
"1","  0.609368199"
"1","  0.7755615894"
"1","  0.216351336"
"1"," -0.7143293076"
"1","
wAL00208RI16"
"1","  0.3442944934"
"1","  0.1253788733"
"1","  0.558370806"
"1","  1.8777537417"
"1"," -1.270953404"
"1","  3.4103848514"
"1","
wAL00208RI17"
"1","  0.1667330244"
"1","  0.6784836922"
"1","  1.908403372"
"1","  1.1271075635"
"1"," -0.186926066"
"1","  1.1030960570"
"1","
wAL00208RI18"
"1","  0.9332019187"
"1"," -0.2051553901"
"1","  1.785470820"
"1","  0.0900248280"
"1","  0.920866052"
"1","  2.1196043718"
"1","
eAL00224RI11"
"1","  0.0952132772"
"1"," -2.5716618793"
"1"," -1.282167535"
"1"," -0.9511585007"
"1"," -0.844114644"
"1","  1.2220386955"
"1","
wAL00209RI5 "
"1","  0.6771085286"
"1"," -0.1330916299"
"1","  0.042084598"
"1"," -0.9967979787"
"1"," -1.309321740"
"1"," -0.2972306498"
"1","
wAL00209RI6 "
"1","  2.1560334933"
"1","  0.2688982076"
"1"," -0.131677858"
"1"," -1.0884150923"
"1"," -1.890224506"
"1","  1.9840336701"
"1","
wAL00209RI7 "
"1","  0.9453498786"
"1"," -0.4411887731"
"1","  0.810189694"
"1"," -1.7290805531"
"1"," -2.704987879"
"1"," -1.1328872474"
"1","
wAL00209RI8 "
"1","  0.5963346814"
"1","  0.6940377070"
"1","  1.052509005"
"1"," -1.2662739427"
"1"," -2.238021889"
"1","  0.2978539441"
"1","
wAL00209RI9 "
"1","  0.6516132335"
"1","  1.2920850577"
"1","  0.934326464"
"1","  0.8202112163"
"1"," -2.472215797"
"1","  0.0857035082"
"1","
wAL00209RI10"
"1","  0.3061507121"
"1"," -0.6151560865"
"1"," -0.346415092"
"1"," -0.1044587864"
"1"," -2.861185839"
"1","  0.1128967080"
"1","
eAL00224RI12"
"1","  0.8433388382"
"1"," -0.8352990464"
"1"," -2.041074050"
"1"," -1.7102625321"
"1"," -1.320169678"
"1","  2.3973877364"
"1","
wAL00209RI12"
"1"," -0.0288391667"
"1","  1.7325747368"
"1"," -0.753448055"
"1","  0.4514199158"
"1"," -0.881401801"
"1","  0.0180335706"
"1","
wAL00209RI13"
"1","  1.1522207883"
"1","  0.9509302898"
"1","  0.317963873"
"1"," -0.1102866841"
"1"," -1.340514039"
"1","  1.2940252181"
"1","
wAL00209RI14"
"1","  1.6793489907"
"1","  1.2954482727"
"1"," -0.415285643"
"1"," -0.1492500610"
"1"," -0.913479195"
"1","  1.5520754711"
"1","
"
"1","            "
"1","          PC33"
"1","          PC34"
"1","         PC35"
"1","          PC36"
"1","          PC37"
"1","          PC38"
"1","
eAL00219RI10"
"1","  6.736312e-01"
"1","  1.8753323209"
"1"," -0.042621222"
"1","  0.3906480569"
"1"," -0.1905698489"
"1","  5.854440e-01"
"1","
eAL00224RI10"
"1","  9.361339e-02"
"1","  1.4125249663"
"1","  0.842279939"
"1","  0.4531270097"
"1","  0.3919499834"
"1","  8.409813e-01"
"1","
wAL00208RI10"
"1"," -5.177480e-02"
"1","  0.9680195253"
"1","  0.534404775"
"1"," -0.2128332221"
"1"," -0.1026668739"
"1"," -9.623093e-01"
"1","
wAL00208RI13"
"1","  4.109927e-01"
"1"," -0.3216921931"
"1","  0.682581365"
"1","  0.2788547262"
"1"," -1.3629065265"
"1","  7.889154e-02"
"1","
wAL00208RI14"
"1","  1.311277e-01"
"1"," -0.7852463832"
"1","  1.966377460"
"1"," -0.9130124835"
"1"," -1.8520839743"
"1","  2.837261e-01"
"1","
wAL00208RI15"
"1","  2.488562e-02"
"1","  0.5564221967"
"1"," -0.329703618"
"1"," -1.5338067238"
"1","  0.8861865292"
"1"," -4.255870e-01"
"1","
wAL00208RI16"
"1"," -2.818442e-01"
"1"," -0.2274200649"
"1","  1.923157261"
"1"," -0.1447224626"
"1"," -1.6742831922"
"1","  1.007098e+00"
"1","
wAL00208RI17"
"1","  5.170737e-01"
"1"," -0.1229707914"
"1","  0.385320078"
"1"," -0.5118806903"
"1"," -0.0146561531"
"1","  6.654234e-01"
"1","
wAL00208RI18"
"1"," -2.118584e-02"
"1"," -0.0457722495"
"1","  0.775916642"
"1"," -0.1577030205"
"1","  0.0011325163"
"1"," -5.743509e-01"
"1","
eAL00224RI11"
"1"," -3.778803e-01"
"1","  0.8081182339"
"1","  0.048637500"
"1","  0.1850153885"
"1"," -0.9302056724"
"1"," -7.663967e-02"
"1","
wAL00209RI5 "
"1","  4.208575e-01"
"1","  0.9618019290"
"1"," -1.310170606"
"1","  0.0872841440"
"1","  0.5953891247"
"1","  1.400188e-01"
"1","
wAL00209RI6 "
"1","  1.574303e+00"
"1","  0.4350950843"
"1"," -0.419352494"
"1"," -1.2715898935"
"1","  1.4472523557"
"1","  2.013549e-01"
"1","
wAL00209RI7 "
"1","  1.668203e+00"
"1"," -0.3318074538"
"1","  0.314434821"
"1","  0.1634544331"
"1"," -1.1911129973"
"1"," -1.446009e-01"
"1","
wAL00209RI8 "
"1","  1.379171e+00"
"1"," -0.5331821726"
"1"," -0.371169858"
"1"," -0.1546724700"
"1"," -0.8934157945"
"1"," -1.155094e+00"
"1","
wAL00209RI9 "
"1","  1.379207e+00"
"1","  0.1187965921"
"1"," -0.812453890"
"1"," -0.7234147810"
"1","  0.1997979909"
"1"," -4.890689e-01"
"1","
wAL00209RI10"
"1","  2.995734e-01"
"1"," -0.6709507864"
"1"," -1.078572333"
"1","  0.9227805884"
"1"," -0.9386591318"
"1"," -3.132828e-01"
"1","
eAL00224RI12"
"1","  4.978807e-01"
"1"," -0.1564272582"
"1","  0.732157234"
"1","  0.3173137660"
"1","  0.9916776033"
"1"," -7.120159e-01"
"1","
wAL00209RI12"
"1"," -1.118207e-01"
"1","  0.2147745029"
"1"," -0.914690568"
"1"," -0.5268388094"
"1","  0.1173611181"
"1","  2.007252e-02"
"1","
wAL00209RI13"
"1"," -3.596053e-01"
"1"," -0.1131178018"
"1"," -2.386126476"
"1","  0.0674289579"
"1"," -0.0390263479"
"1","  7.521430e-01"
"1","
wAL00209RI14"
"1","  1.417218e-01"
"1"," -0.4763600475"
"1"," -0.445769642"
"1"," -0.1867103599"
"1","  0.8429720708"
"1","  1.081893e+00"
"1","
"
"1","            "
"1","         PC39"
"1","         PC40"
"1","          PC41"
"1","          PC42"
"1","          PC43"
"1","         PC44"
"1","         PC45"
"1","
eAL00219RI10"
"1","  2.101168344"
"1"," -0.871098972"
"1"," -0.1937086979"
"1","  0.1348158284"
"1","  0.7652941735"
"1","  1.839184960"
"1"," -1.396048455"
"1","
eAL00224RI10"
"1","  1.323819809"
"1","  0.547116852"
"1","  1.6885478551"
"1"," -1.0506686090"
"1"," -0.4381091087"
"1","  0.527340486"
"1","  0.967347397"
"1","
wAL00208RI10"
"1"," -0.618429587"
"1","  0.993468874"
"1","  0.6446974498"
"1"," -0.3205168915"
"1"," -1.6640405743"
"1"," -0.850925235"
"1","  1.105062068"
"1","
wAL00208RI13"
"1"," -0.772684329"
"1"," -0.143264824"
"1","  0.1563077525"
"1","  0.6924437160"
"1"," -1.0017164169"
"1"," -0.744187521"
"1"," -1.166476699"
"1","
wAL00208RI14"
"1"," -0.009326274"
"1"," -1.340859929"
"1","  0.4345490198"
"1","  0.1953029689"
"1"," -0.4233816060"
"1"," -3.493084962"
"1"," -0.273944942"
"1","
wAL00208RI15"
"1","  1.287681535"
"1","  0.322066775"
"1","  0.3882336384"
"1"," -0.0610541087"
"1"," -0.3182804021"
"1"," -0.100500489"
"1","  1.080227667"
"1","
wAL00208RI16"
"1"," -1.042530632"
"1"," -1.866344937"
"1","  0.4492478505"
"1"," -0.6535959146"
"1","  0.4091155785"
"1"," -2.192271492"
"1"," -0.228086683"
"1","
wAL00208RI17"
"1"," -0.628271188"
"1"," -0.505863911"
"1","  1.0991459606"
"1","  0.5524038669"
"1"," -1.0010648852"
"1"," -1.863746195"
"1"," -0.206103362"
"1","
wAL00208RI18"
"1"," -1.770656563"
"1","  0.223536188"
"1"," -0.9359147003"
"1","  1.0741837092"
"1"," -0.7698772583"
"1"," -0.945805519"
"1","  0.419574203"
"1","
eAL00224RI11"
"1","  0.521774575"
"1","  1.850411739"
"1","  0.6020785761"
"1"," -0.0800363074"
"1"," -0.5570217494"
"1"," -0.342616416"
"1","  0.153516064"
"1","
wAL00209RI5 "
"1"," -0.150357808"
"1"," -0.693730579"
"1","  0.7574896286"
"1"," -1.5281355237"
"1"," -0.2652696630"
"1","  1.877492605"
"1","  0.786324070"
"1","
wAL00209RI6 "
"1","  0.120165114"
"1"," -0.601303240"
"1","  0.3236116481"
"1"," -1.2249506972"
"1","  0.2240190187"
"1","  0.420382285"
"1","  1.206423537"
"1","
wAL00209RI7 "
"1","  0.212022042"
"1"," -0.382352502"
"1","  0.3973105531"
"1"," -0.8322280678"
"1"," -0.1261537137"
"1","  0.916501275"
"1"," -0.852248372"
"1","
wAL00209RI8 "
"1","  0.770155229"
"1"," -0.790721201"
"1"," -0.1847827340"
"1"," -0.1335989140"
"1","  0.5386736419"
"1","  0.791563041"
"1"," -0.272351934"
"1","
wAL00209RI9 "
"1","  1.154173383"
"1","  0.706527108"
"1","  0.1212930890"
"1"," -0.8037341972"
"1"," -0.7551373794"
"1"," -0.356824333"
"1","  0.181203845"
"1","
wAL00209RI10"
"1","  0.945931034"
"1","  0.515499468"
"1","  0.7558883080"
"1"," -0.6384307842"
"1","  0.4493931386"
"1","  0.661841520"
"1","  0.898532809"
"1","
eAL00224RI12"
"1","  1.366180252"
"1","  1.177569527"
"1","  0.5926559534"
"1"," -0.0051879116"
"1","  0.3332763359"
"1"," -0.541385691"
"1"," -0.390634830"
"1","
wAL00209RI12"
"1","  1.571829920"
"1","  0.931354686"
"1","  0.2322033842"
"1"," -0.8655715944"
"1"," -1.0316451350"
"1"," -0.018012079"
"1","  1.226219677"
"1","
wAL00209RI13"
"1","  1.307271039"
"1","  0.394075121"
"1"," -1.5225887303"
"1"," -0.5822060231"
"1"," -0.9304744740"
"1","  0.575831649"
"1","  0.962552556"
"1","
wAL00209RI14"
"1","  1.656364844"
"1"," -1.137420541"
"1"," -0.0928853480"
"1","  1.2588476071"
"1"," -1.2863467507"
"1","  1.116695571"
"1","  0.636420978"
"1","
"
"1","            "
"1","          PC46"
"1","          PC47"
"1","          PC48"
"1","          PC49"
"1","          PC50"
"1","
eAL00219RI10"
"1","  0.0612731022"
"1"," -0.0516798989"
"1"," -1.4116181555"
"1"," -0.8067004731"
"1"," -0.1146781121"
"1","
eAL00224RI10"
"1"," -1.3267034216"
"1"," -0.9551566667"
"1"," -0.6793365285"
"1"," -0.3687568805"
"1","  0.0909303920"
"1","
wAL00208RI10"
"1","  0.6416117375"
"1"," -0.8171838305"
"1"," -0.5076546719"
"1"," -1.0297968119"
"1"," -0.3209774956"
"1","
wAL00208RI13"
"1","  0.7369289212"
"1","  0.4528461809"
"1"," -0.1550710268"
"1","  0.2036153219"
"1"," -0.3328117519"
"1","
wAL00208RI14"
"1","  1.6621777408"
"1"," -3.0308277951"
"1"," -0.4644057506"
"1"," -0.3442912602"
"1","  0.7382366301"
"1","
wAL00208RI15"
"1","  0.9649500379"
"1"," -1.2718403103"
"1"," -0.5007026880"
"1"," -0.9900277962"
"1","  0.2542183883"
"1","
wAL00208RI16"
"1"," -0.2979732467"
"1"," -1.5019603401"
"1"," -1.2665989504"
"1","  0.5868633225"
"1","  0.2452391809"
"1","
wAL00208RI17"
"1","  1.2210992142"
"1"," -0.8762173448"
"1","  0.4307108003"
"1"," -0.1557755032"
"1"," -0.2518654813"
"1","
wAL00208RI18"
"1","  0.1639505764"
"1"," -0.0630327249"
"1"," -0.3835979208"
"1"," -0.4281582646"
"1","  0.3275551947"
"1","
eAL00224RI11"
"1"," -2.0240319328"
"1"," -0.6926710268"
"1"," -0.3108799441"
"1","  0.8208511134"
"1","  0.4519592937"
"1","
wAL00209RI5 "
"1","  0.3279950068"
"1"," -0.4622515773"
"1"," -0.7605619456"
"1"," -0.7217657531"
"1"," -0.5689586082"
"1","
wAL00209RI6 "
"1"," -0.6387536426"
"1"," -0.1484157646"
"1"," -1.5084375847"
"1"," -1.2033360170"
"1"," -0.6931767180"
"1","
wAL00209RI7 "
"1"," -1.2304187951"
"1","  0.7389553606"
"1"," -0.5593781835"
"1"," -0.1973855505"
"1","  0.1935261762"
"1","
wAL00209RI8 "
"1"," -0.5184580200"
"1","  1.4445522431"
"1","  0.1916579910"
"1"," -1.0300815870"
"1","  0.8555121251"
"1","
wAL00209RI9 "
"1"," -0.3335422333"
"1"," -0.2410580132"
"1"," -0.1694181768"
"1"," -0.5052103051"
"1","  0.4075708329"
"1","
wAL00209RI10"
"1"," -0.4559134810"
"1","  0.0996160282"
"1"," -1.1268582443"
"1"," -0.2330989466"
"1","  0.5785035546"
"1","
eAL00224RI12"
"1"," -0.9068712492"
"1"," -0.1802084498"
"1","  0.3391433557"
"1","  0.7539081177"
"1"," -0.6982716662"
"1","
wAL00209RI12"
"1","  0.1848682895"
"1","  1.1733186950"
"1","  0.2319992744"
"1","  0.1320648732"
"1","  0.3366136635"
"1","
wAL00209RI13"
"1","  0.6332082767"
"1"," -0.4160686894"
"1","  0.3815914013"
"1"," -1.1090364916"
"1"," -0.0129847988"
"1","
wAL00209RI14"
"1","  0.4533537223"
"1","  0.9806258937"
"1"," -0.8839390578"
"1"," -0.0067588664"
"1","  0.3155452937"
"1","
"
"1"," [ reached getOption(""max.print"") -- omitted 1523 rows ]
"
"1","
"
"0","names(pca)"
"1","[1]"
"1"," ""sdev""    "
"1"," ""rotation"""
"1"," ""x""       "
"1","
"
"0","names(pca$x)"
"1","NULL
"
"0","dim(pca$x)"
"1","[1]"
"1"," 1543"
"1","   50"
"1","
"
"1","debug at ~/Projects/Doctoraat/sgdGMFWrapper/scater/R/runPCA.R#141: "
"1","percentVar <- varExplained/sum(cv) * 100
"
"1","debug at ~/Projects/Doctoraat/sgdGMFWrapper/scater/R/runPCA.R#144: "
"1","pcs <- pca$x
"
"1","debug at ~/Projects/Doctoraat/sgdGMFWrapper/scater/R/runPCA.R#145: "
"1","rownames(pcs) <- rownames(x)
"
"1","debug at ~/Projects/Doctoraat/sgdGMFWrapper/scater/R/runPCA.R#146: "
"1","attr(pcs, ""varExplained"") <- varExplained
"
"1","debug at ~/Projects/Doctoraat/sgdGMFWrapper/scater/R/runPCA.R#147: "
"1","attr(pcs, ""percentVar"") <- percentVar
"
"1","debug at ~/Projects/Doctoraat/sgdGMFWrapper/scater/R/runPCA.R#148: "
"1","rownames(pca$rotation) <- colnames(x)
"
"1","debug at ~/Projects/Doctoraat/sgdGMFWrapper/scater/R/runPCA.R#149: "
"1","attr(pcs, ""rotation"") <- pca$rotation
"
"1","debug at ~/Projects/Doctoraat/sgdGMFWrapper/scater/R/runPCA.R#150: "
"1","pcs
"
"0","names(pcs)"
"1","NULL
"
"0","head(pcs)"
"1","            "
"1","        PC1"
"1","        PC2"
"1","        PC3"
"1","        PC4"
"1","       PC5"
"1","          PC6"
"1","        PC7"
"1","        PC8"
"1","
eAL00219RI10"
"1"," -7.3264191"
"1"," -1.5227368"
"1","  0.4648174"
"1","  3.3494645"
"1"," -1.522816"
"1","  0.009805733"
"1","  0.1915280"
"1","  0.2085987"
"1","
eAL00224RI10"
"1"," -6.5043915"
"1","  2.1898149"
"1"," -4.6742146"
"1","  3.2066720"
"1"," -0.432551"
"1","  0.056708548"
"1","  0.2616134"
"1"," -2.8300183"
"1","
wAL00208RI10"
"1"," -8.0493394"
"1","  1.9542417"
"1"," -1.1188123"
"1"," -1.3534872"
"1","  3.032603"
"1","  1.043086530"
"1"," -2.0442153"
"1","  0.7867058"
"1","
wAL00208RI13"
"1","  7.4175854"
"1"," -0.6061043"
"1","  0.9124679"
"1","  0.8780358"
"1","  0.456194"
"1","  1.134438646"
"1"," -0.3411885"
"1","  0.3861374"
"1","
wAL00208RI14"
"1","  6.2479800"
"1"," -5.7911883"
"1","  0.4164294"
"1","  1.1887259"
"1","  3.792790"
"1"," -0.823674079"
"1","  0.3072546"
"1"," -0.6156140"
"1","
wAL00208RI15"
"1","  0.4673268"
"1"," -7.6112741"
"1"," -3.9919496"
"1"," -1.1821788"
"1","  1.396924"
"1"," -2.152092704"
"1"," -1.1396086"
"1","  0.7679290"
"1","
"
"1","            "
"1","        PC9"
"1","       PC10"
"1","       PC11"
"1","       PC12"
"1","        PC13"
"1","       PC14"
"1","       PC15"
"1","      PC16"
"1","
eAL00219RI10"
"1","  1.8135629"
"1","  1.1458832"
"1"," 0.22797124"
"1"," -2.3878072"
"1","  1.16854552"
"1"," -3.9336656"
"1","  1.5527564"
"1"," 1.7746569"
"1","
eAL00224RI10"
"1","  1.5293407"
"1"," -1.5094358"
"1"," 0.49545757"
"1","  0.1007954"
"1","  0.17791161"
"1","  1.0593655"
"1","  2.0830841"
"1"," 1.9488587"
"1","
wAL00208RI10"
"1"," -1.0137158"
"1"," -1.7531097"
"1"," 0.13944267"
"1","  0.1147094"
"1","  0.59652101"
"1","  0.5306507"
"1","  0.5143897"
"1"," 0.6422492"
"1","
wAL00208RI13"
"1"," -1.3924140"
"1","  1.0078901"
"1"," 0.02677657"
"1","  0.9093996"
"1"," -1.87202360"
"1","  1.3043904"
"1","  0.8286049"
"1"," 0.8419120"
"1","
wAL00208RI14"
"1","  0.4920142"
"1"," -0.7943068"
"1"," 0.21070124"
"1"," -0.7972304"
"1"," -0.31065082"
"1","  1.5786652"
"1"," -0.1360844"
"1"," 0.1561715"
"1","
wAL00208RI15"
"1"," -0.3620045"
"1","  0.1543805"
"1"," 0.42698439"
"1","  1.3757329"
"1"," -0.02149765"
"1"," -0.9288208"
"1","  1.1027425"
"1"," 0.4619007"
"1","
"
"1","            "
"1","       PC17"
"1","       PC18"
"1","       PC19"
"1","       PC20"
"1","       PC21"
"1","        PC22"
"1","        PC23"
"1","       PC24"
"1","
eAL00219RI10"
"1"," -0.9992118"
"1"," -1.3834568"
"1"," -0.7350449"
"1"," -1.1827564"
"1","  0.3146971"
"1","  1.98931729"
"1"," -0.96718774"
"1","  0.4488940"
"1","
eAL00224RI10"
"1","  0.1421449"
"1","  0.3834061"
"1"," -0.9663263"
"1","  0.2525060"
"1"," -0.2176800"
"1"," -0.04252918"
"1","  0.39811927"
"1"," -0.1292523"
"1","
wAL00208RI10"
"1"," -0.2147443"
"1"," -0.3703008"
"1"," -0.3530070"
"1"," -1.5256107"
"1"," -0.4510982"
"1"," -1.46752287"
"1"," -0.58678863"
"1","  0.4893770"
"1","
wAL00208RI13"
"1"," -0.2151859"
"1"," -0.6376990"
"1"," -2.2005495"
"1"," -0.4854439"
"1","  0.4504556"
"1","  0.71396014"
"1","  0.05974091"
"1"," -1.4095054"
"1","
wAL00208RI14"
"1"," -1.4554691"
"1","  0.7241785"
"1"," -2.0407917"
"1"," -0.1881801"
"1","  0.7931078"
"1"," -0.62023833"
"1","  0.81571671"
"1"," -0.7322332"
"1","
wAL00208RI15"
"1","  0.7245176"
"1","  0.2662659"
"1"," -0.2956317"
"1","  0.7981851"
"1","  0.7630420"
"1"," -0.25315366"
"1","  1.21539880"
"1"," -0.5590752"
"1","
"
"1","            "
"1","       PC25"
"1","       PC26"
"1","        PC27"
"1","       PC28"
"1","       PC29"
"1","        PC30"
"1","       PC31"
"1","       PC32"
"1","
eAL00219RI10"
"1"," -0.9688606"
"1","  0.9089140"
"1","  1.23965448"
"1"," -0.2160985"
"1"," -0.3050375"
"1"," -0.11289352"
"1"," -0.5144440"
"1","  2.0042427"
"1","
eAL00224RI10"
"1","  1.2693417"
"1","  1.5864095"
"1","  0.39771614"
"1"," -1.7383221"
"1"," -0.5116549"
"1"," -1.15054619"
"1"," -0.7341325"
"1","  2.0021290"
"1","
wAL00208RI10"
"1"," -0.8156354"
"1","  1.0734121"
"1","  1.11228403"
"1","  1.0565142"
"1"," -0.3184513"
"1","  0.27431676"
"1"," -1.5943836"
"1","  0.9525591"
"1","
wAL00208RI13"
"1","  0.2097732"
"1","  1.2299604"
"1"," -0.08188859"
"1","  0.3051292"
"1","  0.3255295"
"1","  0.04873784"
"1"," -0.6971298"
"1","  0.3883089"
"1","
wAL00208RI14"
"1","  1.3369211"
"1"," -0.6962246"
"1","  3.23241333"
"1","  0.6405231"
"1","  0.7111954"
"1","  1.69959700"
"1"," -0.4254101"
"1","  2.4388209"
"1","
wAL00208RI15"
"1"," -1.4021693"
"1","  0.7773483"
"1","  1.89222959"
"1"," -0.3946749"
"1","  0.6093682"
"1","  0.77556159"
"1","  0.2163513"
"1"," -0.7143293"
"1","
"
"1","            "
"1","        PC33"
"1","       PC34"
"1","        PC35"
"1","       PC36"
"1","       PC37"
"1","        PC38"
"1","         PC39"
"1","       PC40"
"1","
eAL00219RI10"
"1","  0.67363121"
"1","  1.8753323"
"1"," -0.04262122"
"1","  0.3906481"
"1"," -0.1905698"
"1","  0.58544401"
"1","  2.101168344"
"1"," -0.8710990"
"1","
eAL00224RI10"
"1","  0.09361339"
"1","  1.4125250"
"1","  0.84227994"
"1","  0.4531270"
"1","  0.3919500"
"1","  0.84098128"
"1","  1.323819809"
"1","  0.5471169"
"1","
wAL00208RI10"
"1"," -0.05177480"
"1","  0.9680195"
"1","  0.53440477"
"1"," -0.2128332"
"1"," -0.1026669"
"1"," -0.96230927"
"1"," -0.618429587"
"1","  0.9934689"
"1","
wAL00208RI13"
"1","  0.41099272"
"1"," -0.3216922"
"1","  0.68258136"
"1","  0.2788547"
"1"," -1.3629065"
"1","  0.07889154"
"1"," -0.772684329"
"1"," -0.1432648"
"1","
wAL00208RI14"
"1","  0.13112775"
"1"," -0.7852464"
"1","  1.96637746"
"1"," -0.9130125"
"1"," -1.8520840"
"1","  0.28372608"
"1"," -0.009326274"
"1"," -1.3408599"
"1","
wAL00208RI15"
"1","  0.02488562"
"1","  0.5564222"
"1"," -0.32970362"
"1"," -1.5338067"
"1","  0.8861865"
"1"," -0.42558701"
"1","  1.287681535"
"1","  0.3220668"
"1","
"
"1","            "
"1","       PC41"
"1","        PC42"
"1","       PC43"
"1","       PC44"
"1","       PC45"
"1","       PC46"
"1","       PC47"
"1","       PC48"
"1","
eAL00219RI10"
"1"," -0.1937087"
"1","  0.13481583"
"1","  0.7652942"
"1","  1.8391850"
"1"," -1.3960485"
"1","  0.0612731"
"1"," -0.0516799"
"1"," -1.4116182"
"1","
eAL00224RI10"
"1","  1.6885479"
"1"," -1.05066861"
"1"," -0.4381091"
"1","  0.5273405"
"1","  0.9673474"
"1"," -1.3267034"
"1"," -0.9551567"
"1"," -0.6793365"
"1","
wAL00208RI10"
"1","  0.6446974"
"1"," -0.32051689"
"1"," -1.6640406"
"1"," -0.8509252"
"1","  1.1050621"
"1","  0.6416117"
"1"," -0.8171838"
"1"," -0.5076547"
"1","
wAL00208RI13"
"1","  0.1563078"
"1","  0.69244372"
"1"," -1.0017164"
"1"," -0.7441875"
"1"," -1.1664767"
"1","  0.7369289"
"1","  0.4528462"
"1"," -0.1550710"
"1","
wAL00208RI14"
"1","  0.4345490"
"1","  0.19530297"
"1"," -0.4233816"
"1"," -3.4930850"
"1"," -0.2739449"
"1","  1.6621777"
"1"," -3.0308278"
"1"," -0.4644058"
"1","
wAL00208RI15"
"1","  0.3882336"
"1"," -0.06105411"
"1"," -0.3182804"
"1"," -0.1005005"
"1","  1.0802277"
"1","  0.9649500"
"1"," -1.2718403"
"1"," -0.5007027"
"1","
"
"1","            "
"1","       PC49"
"1","        PC50"
"1","
eAL00219RI10"
"1"," -0.8067005"
"1"," -0.11467811"
"1","
eAL00224RI10"
"1"," -0.3687569"
"1","  0.09093039"
"1","
wAL00208RI10"
"1"," -1.0297968"
"1"," -0.32097750"
"1","
wAL00208RI13"
"1","  0.2036153"
"1"," -0.33281175"
"1","
wAL00208RI14"
"1"," -0.3442913"
"1","  0.73823663"
"1","
wAL00208RI15"
"1"," -0.9900278"
"1","  0.25421839"
"1","
"
"0","dim(pcs)"
"1","[1]"
"1"," 1543"
"1","   50"
"1","
"
"0","class(pcs)"
"1","[1]"
"1"," ""matrix"""
"1"," ""array"" "
"1","
"
"0","attr(pcs, ""rotation"")"
"1","      "
"1","           PC1"
"1","           PC2"
"1","           PC3"
"1","           PC4"
"1","           PC5"
"1","           PC6"
"1","           PC7"
"1","
Q02809"
"1","  2.182105e-01"
"1"," -1.700275e-02"
"1","  2.525270e-03"
"1"," -0.0459076860"
"1"," -2.898429e-02"
"1","  0.0166404933"
"1"," -0.0297999014"
"1","
Q8N3F8"
"1","  1.893221e-01"
"1"," -4.001513e-02"
"1"," -9.208104e-02"
"1"," -0.0274729176"
"1"," -5.251475e-02"
"1","  0.0135323560"
"1"," -0.0550714832"
"1","
P62328"
"1"," -1.733908e-01"
"1","  9.684929e-02"
"1","  1.539913e-02"
"1","  0.0524289808"
"1"," -2.610802e-02"
"1"," -0.0653431471"
"1","  0.0041318737"
"1","
Q8TDI7"
"1"," -1.722054e-01"
"1"," -4.330367e-02"
"1"," -7.331404e-03"
"1","  0.0084620730"
"1"," -4.632838e-02"
"1","  0.0346724038"
"1"," -0.0007869581"
"1","
Q92854"
"1","  1.608970e-01"
"1"," -6.651496e-02"
"1"," -8.875804e-02"
"1"," -0.0020630598"
"1"," -2.391742e-03"
"1","  0.0473636413"
"1"," -0.0300748758"
"1","
Q06830"
"1","  1.334354e-01"
"1","  1.221918e-01"
"1","  5.218666e-02"
"1"," -0.0032829454"
"1"," -2.586352e-02"
"1"," -0.0193645439"
"1"," -0.0221958471"
"1","
P31146"
"1"," -1.253462e-01"
"1","  8.353027e-02"
"1","  5.029867e-03"
"1"," -0.0402154420"
"1","  3.815725e-02"
"1","  0.0208107127"
"1","  0.0239675277"
"1","
P06396"
"1","  1.419347e-01"
"1","  4.119098e-02"
"1","  2.530091e-02"
"1"," -0.0470148218"
"1"," -2.638572e-02"
"1","  0.0526135240"
"1"," -0.0434791951"
"1","
Q9P0W8"
"1"," -1.364749e-01"
"1","  5.853153e-02"
"1","  1.632000e-02"
"1","  0.0158523008"
"1","  3.745304e-02"
"1"," -0.0276422954"
"1","  0.0006365439"
"1","
Q9H2V7"
"1"," -5.385557e-02"
"1","  3.560027e-02"
"1"," -2.680739e-01"
"1","  0.1339636981"
"1"," -1.385673e-01"
"1"," -0.0228947417"
"1"," -0.0814368690"
"1","
Q52M58"
"1","  1.267191e-01"
"1","  1.412046e-02"
"1","  1.038747e-02"
"1","  0.0268197368"
"1","  5.509880e-02"
"1","  0.0063951195"
"1","  0.0389093602"
"1","
Q99615"
"1"," -1.024704e-01"
"1","  8.579961e-04"
"1"," -8.707924e-02"
"1"," -0.1639219062"
"1"," -1.320999e-02"
"1","  0.0196868131"
"1"," -0.0778765378"
"1","
P15104"
"1","  9.241720e-02"
"1"," -7.024680e-02"
"1"," -6.023249e-02"
"1"," -0.0161200989"
"1"," -1.208252e-02"
"1","  0.0400720314"
"1","  0.0298708692"
"1","
P61626"
"1"," -8.556899e-02"
"1","  5.201505e-02"
"1"," -3.222779e-02"
"1"," -0.0576026888"
"1"," -5.409713e-02"
"1"," -0.0199437675"
"1","  0.0107192658"
"1","
O00767"
"1","  9.063061e-02"
"1"," -4.323700e-02"
"1"," -8.193334e-02"
"1"," -0.0788406542"
"1"," -1.805762e-02"
"1","  0.0061107592"
"1","  0.0618582094"
"1","
O75746"
"1","  9.901337e-02"
"1"," -6.869117e-02"
"1","  6.352279e-02"
"1","  0.0988965507"
"1"," -8.853056e-02"
"1"," -0.0034712633"
"1"," -0.0165489251"
"1","
Q00341"
"1"," -1.349694e-02"
"1"," -3.747984e-02"
"1","  5.663881e-03"
"1"," -0.0044351347"
"1","  1.690496e-02"
"1"," -0.3320444103"
"1"," -0.1288788204"
"1","
Q9BQ61"
"1"," -5.184476e-03"
"1","  1.200021e-02"
"1"," -8.557152e-02"
"1","  0.0706012703"
"1"," -6.525045e-02"
"1","  0.3180273806"
"1"," -0.0518849297"
"1","
P25815"
"1"," -9.252510e-02"
"1","  2.230630e-02"
"1","  3.459662e-02"
"1","  0.0046699323"
"1","  3.569362e-02"
"1","  0.0065956661"
"1","  0.0362660061"
"1","
Q7Z2Z2"
"1","  1.093005e-01"
"1"," -6.091974e-02"
"1"," -3.827258e-02"
"1"," -0.0017520178"
"1","  2.780689e-02"
"1","  0.0222719834"
"1","  0.0123542642"
"1","
"
"1","      "
"1","           PC8"
"1","           PC9"
"1","          PC10"
"1","          PC11"
"1","          PC12"
"1","          PC13"
"1","          PC14"
"1","
Q02809"
"1","  1.765731e-04"
"1","  0.0196915523"
"1","  2.062658e-02"
"1","  4.314452e-02"
"1","  1.140716e-02"
"1","  6.567537e-03"
"1","  1.814021e-03"
"1","
Q8N3F8"
"1","  3.810213e-03"
"1","  0.0086048523"
"1"," -1.906043e-02"
"1","  2.864215e-02"
"1"," -2.650398e-02"
"1","  5.309807e-02"
"1"," -3.414901e-02"
"1","
P62328"
"1"," -4.515314e-02"
"1"," -0.0769105269"
"1","  4.654492e-03"
"1"," -1.216747e-02"
"1","  8.614284e-02"
"1"," -5.824682e-03"
"1","  5.776186e-02"
"1","
Q8TDI7"
"1","  1.238386e-03"
"1"," -0.0110299711"
"1","  6.389575e-02"
"1","  2.943026e-02"
"1","  2.589189e-02"
"1","  3.672739e-02"
"1"," -8.168045e-03"
"1","
Q92854"
"1"," -2.400999e-03"
"1","  0.0542619924"
"1","  1.656629e-02"
"1","  5.721601e-03"
"1","  6.167759e-03"
"1","  8.385136e-02"
"1"," -9.928743e-02"
"1","
Q06830"
"1","  1.162509e-02"
"1"," -0.0195009335"
"1"," -5.206583e-02"
"1"," -3.815320e-02"
"1","  1.097661e-02"
"1"," -9.911480e-02"
"1"," -1.455259e-02"
"1","
P31146"
"1"," -3.718963e-02"
"1","  0.0021498460"
"1","  1.868256e-02"
"1","  2.709340e-02"
"1"," -2.309681e-03"
"1"," -2.449209e-02"
"1","  2.752111e-02"
"1","
P06396"
"1"," -7.851452e-03"
"1"," -0.0013962784"
"1","  2.300164e-03"
"1","  1.702796e-02"
"1"," -2.013281e-03"
"1"," -2.499758e-02"
"1","  1.009403e-02"
"1","
Q9P0W8"
"1"," -1.706677e-02"
"1","  0.0425658182"
"1"," -5.513448e-02"
"1"," -4.997594e-03"
"1","  1.259094e-02"
"1"," -1.749297e-02"
"1","  4.087913e-02"
"1","
Q9H2V7"
"1","  8.187141e-02"
"1","  0.0725781351"
"1"," -1.118500e-01"
"1","  2.473129e-01"
"1","  3.648383e-02"
"1"," -1.798278e-02"
"1","  5.238760e-02"
"1","
Q52M58"
"1"," -4.647178e-02"
"1","  0.0371849149"
"1"," -8.569773e-03"
"1","  1.032048e-02"
"1","  2.545296e-04"
"1","  2.710328e-02"
"1"," -2.658307e-02"
"1","
Q99615"
"1"," -1.157735e-02"
"1"," -0.0783623851"
"1","  4.882400e-02"
"1"," -4.310773e-02"
"1","  3.359653e-02"
"1","  4.200623e-02"
"1","  1.744168e-02"
"1","
P15104"
"1","  3.946425e-03"
"1"," -0.0046875137"
"1","  1.830137e-01"
"1"," -3.257403e-03"
"1","  9.275244e-03"
"1","  8.315463e-04"
"1"," -3.221669e-02"
"1","
P61626"
"1","  4.461973e-02"
"1","  0.1177292313"
"1","  6.844002e-02"
"1","  7.392715e-02"
"1"," -8.574126e-03"
"1"," -3.889083e-02"
"1"," -8.866785e-02"
"1","
O00767"
"1"," -4.359390e-03"
"1"," -0.0259014329"
"1","  5.034932e-02"
"1"," -5.605776e-02"
"1","  4.722249e-03"
"1"," -2.639625e-02"
"1"," -7.669913e-02"
"1","
O75746"
"1","  6.226074e-03"
"1"," -0.0443327195"
"1","  4.695246e-02"
"1","  2.288724e-02"
"1","  1.574189e-02"
"1"," -5.907501e-02"
"1","  8.078758e-02"
"1","
Q00341"
"1"," -3.284187e-01"
"1","  0.1242455357"
"1","  1.348839e-01"
"1","  5.374560e-03"
"1"," -6.811594e-02"
"1"," -1.897010e-01"
"1","  6.343489e-02"
"1","
Q9BQ61"
"1"," -3.642871e-01"
"1"," -0.0617274650"
"1"," -7.774557e-02"
"1","  1.004098e-02"
"1","  6.351075e-02"
"1"," -2.048424e-01"
"1"," -1.010077e-01"
"1","
P25815"
"1"," -1.724152e-02"
"1","  0.0242006696"
"1","  1.248935e-03"
"1","  6.829888e-03"
"1","  6.020044e-02"
"1"," -1.283065e-02"
"1","  4.616825e-02"
"1","
Q7Z2Z2"
"1","  1.845747e-03"
"1","  0.0048333627"
"1","  1.365952e-03"
"1","  1.164815e-02"
"1"," -4.000469e-02"
"1","  2.906843e-02"
"1"," -2.931775e-02"
"1","
"
"1","      "
"1","          PC15"
"1","          PC16"
"1","          PC17"
"1","          PC18"
"1","          PC19"
"1","          PC20"
"1","          PC21"
"1","
Q02809"
"1"," -5.454840e-03"
"1"," -3.579222e-03"
"1","  5.061411e-02"
"1"," -0.0077626029"
"1","  0.0423689539"
"1"," -2.240580e-02"
"1"," -3.966023e-02"
"1","
Q8N3F8"
"1"," -2.789194e-03"
"1","  6.377282e-03"
"1","  2.239449e-02"
"1"," -0.0290422223"
"1","  0.0679673333"
"1","  3.263902e-02"
"1"," -3.238156e-02"
"1","
P62328"
"1","  7.788203e-02"
"1"," -3.647413e-02"
"1"," -2.030097e-02"
"1"," -0.0343865874"
"1"," -0.0268951967"
"1"," -9.007688e-03"
"1"," -5.001154e-02"
"1","
Q8TDI7"
"1"," -5.035179e-02"
"1","  1.014913e-01"
"1","  4.141221e-02"
"1"," -0.0388585676"
"1"," -0.0004146468"
"1"," -5.735615e-02"
"1"," -1.801112e-02"
"1","
Q92854"
"1","  3.300163e-02"
"1","  1.203520e-02"
"1"," -2.140243e-02"
"1"," -0.0709847108"
"1","  0.0586885468"
"1","  8.670727e-03"
"1"," -1.232474e-02"
"1","
Q06830"
"1","  7.851500e-02"
"1"," -1.692284e-02"
"1"," -1.037739e-01"
"1"," -0.0119927656"
"1"," -0.1265768657"
"1","  2.089156e-02"
"1"," -9.345221e-02"
"1","
P31146"
"1","  2.468215e-02"
"1","  2.350743e-02"
"1","  1.791652e-02"
"1","  0.0241946575"
"1"," -0.0204354112"
"1"," -3.502992e-03"
"1"," -4.895199e-02"
"1","
P06396"
"1"," -4.624404e-03"
"1"," -1.277122e-02"
"1","  2.379571e-02"
"1"," -0.0248675544"
"1"," -0.0022567615"
"1","  1.382856e-02"
"1"," -1.826104e-02"
"1","
Q9P0W8"
"1","  6.809940e-02"
"1","  7.260723e-03"
"1"," -5.762400e-04"
"1"," -0.0591247447"
"1"," -0.0135551254"
"1"," -9.603737e-03"
"1"," -1.077081e-02"
"1","
Q9H2V7"
"1"," -1.565085e-01"
"1"," -8.575927e-02"
"1"," -4.693523e-02"
"1"," -0.1085917404"
"1"," -0.0781435179"
"1","  2.750083e-03"
"1"," -5.240939e-02"
"1","
Q52M58"
"1"," -1.551425e-02"
"1"," -2.621701e-02"
"1"," -1.592165e-02"
"1","  0.0256667326"
"1"," -0.0067557607"
"1","  3.525223e-03"
"1"," -2.368234e-03"
"1","
Q99615"
"1"," -3.904702e-03"
"1","  4.081659e-02"
"1","  7.146043e-03"
"1"," -0.0305448979"
"1"," -0.0362582629"
"1","  4.272904e-03"
"1"," -5.379140e-02"
"1","
P15104"
"1","  1.476670e-03"
"1","  5.121237e-02"
"1","  1.195156e-01"
"1","  0.0024754185"
"1"," -0.1058559646"
"1"," -1.684976e-01"
"1"," -1.095636e-01"
"1","
P61626"
"1","  1.343652e-01"
"1"," -7.629497e-03"
"1","  4.071773e-02"
"1"," -0.1616557300"
"1","  0.1104938836"
"1"," -1.659329e-02"
"1"," -9.463042e-02"
"1","
O00767"
"1","  3.574744e-02"
"1","  4.218796e-02"
"1"," -2.484218e-02"
"1","  0.0234140945"
"1"," -0.0484915935"
"1"," -5.387030e-02"
"1","  1.564923e-02"
"1","
O75746"
"1","  4.341738e-02"
"1"," -4.980097e-02"
"1","  7.453376e-02"
"1","  0.0292767378"
"1","  0.0036415543"
"1"," -2.034277e-02"
"1"," -8.115487e-02"
"1","
Q00341"
"1"," -1.325744e-01"
"1","  9.446126e-02"
"1","  3.356521e-02"
"1"," -0.1226911108"
"1","  0.0531740916"
"1"," -1.219106e-01"
"1","  8.062115e-02"
"1","
Q9BQ61"
"1"," -6.709435e-03"
"1","  5.344978e-02"
"1"," -2.166333e-02"
"1"," -0.0103573440"
"1"," -0.0591902798"
"1","  1.664618e-02"
"1"," -3.243628e-02"
"1","
P25815"
"1","  4.174780e-02"
"1"," -2.484520e-03"
"1","  7.679946e-02"
"1"," -0.0298141413"
"1"," -0.0212540904"
"1","  2.150244e-02"
"1"," -1.357980e-01"
"1","
Q7Z2Z2"
"1"," -4.455728e-02"
"1"," -8.659701e-03"
"1","  4.827252e-02"
"1"," -0.0031933189"
"1","  0.0855589590"
"1","  8.230632e-03"
"1"," -2.549117e-02"
"1","
"
"1","      "
"1","          PC22"
"1","          PC23"
"1","          PC24"
"1","          PC25"
"1","          PC26"
"1","          PC27"
"1","          PC28"
"1","
Q02809"
"1","  3.636169e-03"
"1","  0.0400032937"
"1"," -2.584581e-02"
"1","  2.036355e-03"
"1"," -0.0008238650"
"1","  1.898216e-02"
"1"," -0.0067773179"
"1","
Q8N3F8"
"1"," -1.218094e-02"
"1"," -0.0023874576"
"1"," -6.583841e-02"
"1","  1.424505e-02"
"1"," -0.0026736326"
"1"," -1.995537e-02"
"1"," -0.0235768047"
"1","
P62328"
"1","  1.379254e-02"
"1","  0.0095207629"
"1"," -4.071111e-03"
"1","  1.678710e-02"
"1"," -0.0321732375"
"1","  8.424210e-02"
"1","  0.0721025105"
"1","
Q8TDI7"
"1"," -5.832791e-02"
"1"," -0.0360390450"
"1","  7.678054e-02"
"1","  1.916226e-02"
"1","  0.0077443284"
"1"," -1.236664e-02"
"1"," -0.0795988505"
"1","
Q92854"
"1","  1.102173e-02"
"1"," -0.0457390459"
"1"," -3.251134e-02"
"1"," -1.022910e-02"
"1","  0.0076599116"
"1","  3.194264e-02"
"1","  0.0073647276"
"1","
Q06830"
"1","  2.326739e-03"
"1"," -0.0299399597"
"1"," -5.143447e-02"
"1"," -1.434229e-01"
"1","  0.0042564828"
"1","  3.268316e-02"
"1"," -0.0640672673"
"1","
P31146"
"1","  1.241720e-01"
"1","  0.0228922967"
"1"," -1.801986e-01"
"1","  9.641598e-02"
"1"," -0.0569338254"
"1","  1.135713e-01"
"1","  0.0263493114"
"1","
P06396"
"1","  1.140966e-02"
"1","  0.0211439714"
"1","  6.564300e-03"
"1"," -4.695545e-03"
"1"," -0.0038061974"
"1","  3.882236e-02"
"1","  0.0241988574"
"1","
Q9P0W8"
"1"," -1.513466e-02"
"1"," -0.0434759468"
"1"," -3.718121e-04"
"1"," -1.049556e-02"
"1","  0.0334889076"
"1","  2.365710e-02"
"1","  0.0260356798"
"1","
Q9H2V7"
"1","  2.142357e-01"
"1","  0.0522781609"
"1"," -9.904796e-03"
"1"," -1.073761e-01"
"1","  0.0818615093"
"1"," -1.624732e-01"
"1"," -0.0241787509"
"1","
Q52M58"
"1"," -9.849269e-03"
"1","  0.0195618804"
"1"," -4.740593e-02"
"1","  2.206417e-02"
"1"," -0.0433316624"
"1"," -2.505186e-02"
"1"," -0.0201576193"
"1","
Q99615"
"1"," -2.969377e-02"
"1"," -0.1329437400"
"1","  7.615312e-02"
"1"," -5.874935e-02"
"1","  0.0133396452"
"1"," -3.473982e-02"
"1","  0.0967800333"
"1","
P15104"
"1","  3.491109e-02"
"1","  0.0461941707"
"1"," -1.874081e-02"
"1","  7.995832e-03"
"1","  0.0744575049"
"1"," -1.124576e-01"
"1","  0.0330221000"
"1","
P61626"
"1","  2.565555e-02"
"1"," -0.0748110116"
"1","  1.855682e-01"
"1"," -8.443264e-03"
"1","  0.0374192052"
"1","  2.182336e-01"
"1","  0.0420734251"
"1","
O00767"
"1","  6.803914e-02"
"1"," -0.0012055181"
"1"," -6.002267e-02"
"1","  3.656930e-02"
"1"," -0.1148036726"
"1","  5.480873e-02"
"1","  0.0280496625"
"1","
O75746"
"1","  1.139334e-02"
"1","  0.0584951859"
"1","  6.953821e-02"
"1"," -4.205901e-02"
"1"," -0.0796117242"
"1","  1.279120e-02"
"1"," -0.0020165998"
"1","
Q00341"
"1"," -1.173958e-01"
"1","  0.0014235087"
"1"," -8.566453e-02"
"1"," -3.555222e-03"
"1","  0.0904766798"
"1"," -3.808394e-02"
"1"," -0.0313675580"
"1","
Q9BQ61"
"1","  5.840708e-02"
"1"," -0.0309758526"
"1"," -1.118053e-01"
"1","  4.333172e-02"
"1"," -0.0610026831"
"1","  2.407772e-02"
"1"," -0.0993439131"
"1","
P25815"
"1","  8.622140e-05"
"1","  0.0279120719"
"1"," -2.064140e-02"
"1"," -3.662153e-02"
"1"," -0.0427303312"
"1","  1.780048e-02"
"1"," -0.0291379483"
"1","
Q7Z2Z2"
"1","  2.567806e-02"
"1"," -0.0005829914"
"1","  2.167715e-02"
"1","  1.626994e-02"
"1","  0.0031695051"
"1"," -1.034004e-02"
"1","  0.0362917917"
"1","
"
"1","      "
"1","          PC29"
"1","          PC30"
"1","          PC31"
"1","          PC32"
"1","          PC33"
"1","          PC34"
"1","          PC35"
"1","
Q02809"
"1","  0.0210635107"
"1","  0.0082596822"
"1","  0.0109748089"
"1"," -4.401497e-05"
"1"," -2.001400e-02"
"1"," -2.872005e-02"
"1"," -1.061958e-03"
"1","
Q8N3F8"
"1","  0.0363490406"
"1","  0.0030755116"
"1"," -0.0067560923"
"1"," -1.575465e-02"
"1","  5.670291e-02"
"1","  3.458154e-02"
"1","  4.885424e-02"
"1","
P62328"
"1","  0.0614226055"
"1","  0.0085578220"
"1","  0.0636699623"
"1"," -5.995040e-02"
"1","  2.863904e-02"
"1","  5.435263e-02"
"1","  8.196540e-03"
"1","
Q8TDI7"
"1"," -0.0773153739"
"1"," -0.0567584155"
"1","  0.0700191082"
"1","  1.650342e-02"
"1"," -1.041371e-02"
"1"," -7.290626e-02"
"1"," -5.233980e-02"
"1","
Q92854"
"1","  0.0239905876"
"1","  0.0024425755"
"1","  0.0498265316"
"1","  3.955592e-02"
"1","  4.419783e-02"
"1","  5.966424e-02"
"1","  4.699829e-03"
"1","
Q06830"
"1"," -0.0449861396"
"1","  0.0137546849"
"1","  0.0134114340"
"1"," -1.362841e-02"
"1"," -5.428825e-02"
"1"," -3.559779e-02"
"1","  3.601636e-02"
"1","
P31146"
"1","  0.0816233839"
"1","  0.1422008809"
"1","  0.0089420787"
"1","  4.592134e-02"
"1"," -2.209794e-05"
"1","  7.629167e-02"
"1"," -4.082211e-02"
"1","
P06396"
"1","  0.0237482759"
"1","  0.0131598715"
"1","  0.0032056054"
"1"," -1.274548e-02"
"1"," -1.412077e-02"
"1","  2.081354e-02"
"1","  3.951876e-02"
"1","
Q9P0W8"
"1"," -0.0368455063"
"1","  0.0058361425"
"1","  0.0406471821"
"1"," -3.821378e-02"
"1"," -3.600241e-03"
"1"," -8.903474e-03"
"1"," -1.203890e-03"
"1","
Q9H2V7"
"1"," -0.0187165883"
"1","  0.0681843605"
"1"," -0.0289713884"
"1","  3.279178e-02"
"1","  1.190209e-01"
"1"," -1.134417e-01"
"1"," -7.182201e-03"
"1","
Q52M58"
"1"," -0.0111089109"
"1"," -0.0235165258"
"1","  0.0093741520"
"1","  8.815844e-04"
"1","  3.185505e-02"
"1","  6.700603e-03"
"1","  3.732595e-02"
"1","
Q99615"
"1","  0.0185197684"
"1"," -0.0457438164"
"1"," -0.0060713708"
"1"," -1.615731e-02"
"1"," -3.827683e-02"
"1","  3.805737e-02"
"1"," -1.341605e-01"
"1","
P15104"
"1","  0.1308314525"
"1"," -0.0435829400"
"1"," -0.1034019418"
"1"," -2.536729e-02"
"1"," -1.016153e-01"
"1"," -4.267218e-02"
"1"," -1.052662e-01"
"1","
P61626"
"1"," -0.0204055484"
"1","  0.1674374804"
"1","  0.1018475852"
"1","  4.372662e-02"
"1","  8.225236e-02"
"1"," -1.238978e-01"
"1","  4.377267e-02"
"1","
O00767"
"1"," -0.0144780134"
"1"," -0.0287613754"
"1","  0.0269446073"
"1"," -5.768636e-02"
"1","  1.517443e-02"
"1"," -1.525419e-02"
"1","  6.293326e-02"
"1","
O75746"
"1","  0.0368405412"
"1"," -0.0291507581"
"1","  0.0115003517"
"1","  9.660340e-03"
"1"," -2.195411e-02"
"1"," -1.720887e-02"
"1"," -9.346936e-02"
"1","
Q00341"
"1","  0.0253642712"
"1"," -0.0339513988"
"1","  0.0363492953"
"1"," -7.868341e-02"
"1"," -7.548754e-02"
"1"," -1.559363e-01"
"1","  7.520736e-02"
"1","
Q9BQ61"
"1"," -0.0688489313"
"1","  0.0238594643"
"1"," -0.0617758751"
"1"," -1.266168e-01"
"1","  8.401005e-02"
"1","  7.619178e-02"
"1"," -6.431161e-02"
"1","
P25815"
"1","  0.1545152744"
"1","  0.0057444222"
"1","  0.0165756595"
"1"," -2.445268e-02"
"1"," -6.248087e-02"
"1","  5.117822e-02"
"1","  5.690855e-02"
"1","
Q7Z2Z2"
"1","  0.0161852847"
"1"," -0.0094316449"
"1","  0.0170999561"
"1"," -1.356578e-02"
"1","  1.069763e-02"
"1"," -3.981784e-03"
"1","  1.860131e-02"
"1","
"
"1","      "
"1","          PC36"
"1","          PC37"
"1","          PC38"
"1","          PC39"
"1","          PC40"
"1","          PC41"
"1","          PC42"
"1","
Q02809"
"1"," -1.735945e-02"
"1","  1.839519e-02"
"1","  2.291350e-02"
"1","  1.296069e-02"
"1","  1.161978e-02"
"1"," -1.855598e-02"
"1","  4.240300e-02"
"1","
Q8N3F8"
"1","  7.425472e-04"
"1","  6.141500e-03"
"1"," -8.028595e-02"
"1"," -1.785126e-02"
"1","  1.093109e-02"
"1"," -2.772976e-02"
"1"," -2.145105e-02"
"1","
P62328"
"1"," -1.901129e-03"
"1"," -2.902341e-02"
"1","  7.484569e-03"
"1","  3.373379e-02"
"1","  4.535644e-02"
"1"," -1.375988e-01"
"1","  4.814031e-03"
"1","
Q8TDI7"
"1"," -6.187229e-02"
"1"," -1.198007e-02"
"1"," -3.806031e-03"
"1","  6.039668e-02"
"1","  1.010026e-01"
"1","  5.200777e-02"
"1","  9.883330e-02"
"1","
Q92854"
"1","  2.967013e-03"
"1","  2.332676e-02"
"1"," -3.339611e-02"
"1","  2.827965e-02"
"1","  1.192485e-02"
"1"," -1.678965e-02"
"1"," -7.148040e-03"
"1","
Q06830"
"1","  2.973519e-03"
"1"," -2.054927e-02"
"1","  8.853736e-02"
"1","  2.887953e-02"
"1","  4.288696e-02"
"1"," -1.013488e-01"
"1"," -6.919036e-02"
"1","
P31146"
"1","  7.281866e-03"
"1","  1.325534e-01"
"1"," -6.655920e-02"
"1","  1.730519e-02"
"1"," -1.719437e-02"
"1","  7.727251e-03"
"1"," -2.008215e-02"
"1","
P06396"
"1"," -9.226754e-03"
"1"," -7.934239e-03"
"1","  2.619980e-02"
"1"," -2.345511e-03"
"1"," -9.418218e-03"
"1","  8.982656e-04"
"1"," -1.906860e-02"
"1","
Q9P0W8"
"1"," -1.082635e-02"
"1","  1.976405e-02"
"1","  1.828963e-03"
"1"," -2.590527e-03"
"1","  1.340072e-02"
"1","  7.189032e-03"
"1","  3.692583e-02"
"1","
Q9H2V7"
"1"," -9.120856e-02"
"1","  4.443255e-02"
"1","  1.363371e-01"
"1"," -5.607223e-02"
"1"," -5.547223e-02"
"1"," -1.156112e-02"
"1"," -1.266076e-02"
"1","
Q52M58"
"1","  4.150253e-03"
"1"," -1.285956e-02"
"1","  3.079039e-02"
"1"," -1.228202e-02"
"1"," -1.866269e-02"
"1"," -1.556361e-02"
"1"," -2.330073e-03"
"1","
Q99615"
"1","  7.539944e-03"
"1"," -1.264957e-02"
"1","  4.791904e-03"
"1","  1.090358e-01"
"1","  5.008257e-02"
"1","  1.936966e-02"
"1"," -9.056068e-02"
"1","
P15104"
"1","  1.970285e-01"
"1","  1.011596e-01"
"1","  1.672155e-01"
"1","  5.599379e-03"
"1","  3.521308e-02"
"1","  1.001955e-02"
"1","  6.027564e-02"
"1","
P61626"
"1"," -2.087518e-03"
"1"," -6.462476e-02"
"1","  4.162599e-02"
"1","  4.908355e-02"
"1","  3.761238e-02"
"1","  3.181058e-02"
"1"," -1.437502e-02"
"1","
O00767"
"1"," -8.091029e-03"
"1","  1.718377e-02"
"1","  9.667609e-02"
"1"," -8.406497e-02"
"1","  4.918442e-02"
"1","  7.653812e-02"
"1","  8.490935e-03"
"1","
O75746"
"1","  3.829615e-03"
"1","  3.958335e-02"
"1","  7.795814e-03"
"1"," -7.758532e-02"
"1","  6.614562e-02"
"1"," -1.015244e-02"
"1","  1.043149e-01"
"1","
Q00341"
"1","  1.402197e-02"
"1"," -1.263503e-01"
"1","  3.532973e-02"
"1"," -8.080333e-02"
"1"," -2.403498e-03"
"1","  8.629264e-02"
"1"," -4.686317e-02"
"1","
Q9BQ61"
"1","  2.543388e-02"
"1","  6.651272e-02"
"1"," -9.185735e-02"
"1"," -2.472781e-02"
"1","  5.966052e-02"
"1"," -1.290379e-02"
"1"," -3.885034e-03"
"1","
P25815"
"1"," -2.256144e-02"
"1"," -1.835926e-02"
"1"," -3.838950e-03"
"1"," -4.391922e-02"
"1","  4.509044e-02"
"1","  1.089197e-02"
"1"," -2.906740e-02"
"1","
Q7Z2Z2"
"1"," -1.198501e-02"
"1","  1.181115e-02"
"1"," -1.009932e-02"
"1"," -5.634540e-03"
"1","  9.171366e-03"
"1","  4.182231e-03"
"1","  8.911204e-03"
"1","
"
"1","      "
"1","          PC43"
"1","          PC44"
"1","          PC45"
"1","          PC46"
"1","          PC47"
"1","          PC48"
"1","          PC49"
"1","
Q02809"
"1","  0.0071536404"
"1"," -4.177225e-02"
"1","  0.0035250236"
"1"," -0.0571884145"
"1","  2.446773e-02"
"1"," -5.517666e-03"
"1"," -5.010878e-03"
"1","
Q8N3F8"
"1"," -0.0035347637"
"1"," -3.669444e-02"
"1"," -0.0100990283"
"1"," -0.0230374130"
"1","  6.783336e-02"
"1","  2.123216e-02"
"1","  2.693461e-02"
"1","
P62328"
"1","  0.0135484984"
"1","  2.357166e-02"
"1","  0.0617992930"
"1","  0.0081517377"
"1","  5.476276e-02"
"1","  6.522460e-02"
"1","  9.316096e-02"
"1","
Q8TDI7"
"1","  0.0679458254"
"1"," -1.478662e-02"
"1","  0.0248649677"
"1","  0.1598773787"
"1"," -1.898593e-02"
"1"," -9.446130e-03"
"1"," -2.822894e-02"
"1","
Q92854"
"1","  0.0076447543"
"1"," -2.452828e-02"
"1"," -0.0699842051"
"1","  0.0262799393"
"1"," -2.213522e-03"
"1"," -7.146328e-02"
"1"," -9.052564e-04"
"1","
Q06830"
"1"," -0.0083940858"
"1","  3.020188e-02"
"1","  0.0025772024"
"1"," -0.0455782396"
"1","  5.681623e-02"
"1","  4.269152e-02"
"1"," -2.962419e-02"
"1","
P31146"
"1"," -0.0309142135"
"1"," -1.657509e-02"
"1"," -0.1052389772"
"1","  0.0618154653"
"1","  6.348665e-02"
"1"," -4.355160e-02"
"1","  1.191226e-01"
"1","
P06396"
"1","  0.0008564504"
"1","  1.904411e-03"
"1","  0.0053009845"
"1"," -0.0064065983"
"1","  8.309540e-03"
"1","  2.710156e-02"
"1","  4.211471e-03"
"1","
Q9P0W8"
"1"," -0.0043805148"
"1","  2.363997e-02"
"1","  0.0412282826"
"1","  0.0289772834"
"1"," -4.500201e-03"
"1","  2.058549e-02"
"1","  3.843634e-02"
"1","
Q9H2V7"
"1","  0.0529320490"
"1","  9.075872e-03"
"1","  0.0282942174"
"1"," -0.0043111207"
"1","  1.068193e-01"
"1"," -3.200202e-02"
"1"," -6.065807e-02"
"1","
Q52M58"
"1"," -0.0233730199"
"1"," -1.100152e-02"
"1"," -0.0384058278"
"1"," -0.0408787229"
"1","  2.910263e-02"
"1"," -2.082185e-02"
"1"," -2.466726e-02"
"1","
Q99615"
"1"," -0.0129919387"
"1","  5.316414e-02"
"1","  0.0542505372"
"1","  0.0754808533"
"1"," -4.319127e-02"
"1","  4.513663e-02"
"1"," -2.738078e-02"
"1","
P15104"
"1","  0.1497898279"
"1"," -3.328853e-02"
"1","  0.0519612764"
"1","  0.0686853001"
"1"," -5.681825e-02"
"1","  9.127047e-02"
"1","  3.044120e-02"
"1","
P61626"
"1","  0.0073309434"
"1"," -8.894534e-02"
"1","  0.0406186262"
"1"," -0.0690775805"
"1","  3.540706e-02"
"1"," -8.324983e-02"
"1","  2.512657e-02"
"1","
O00767"
"1","  0.0232930978"
"1"," -1.146406e-02"
"1"," -0.0064759171"
"1","  0.0811533715"
"1"," -6.378046e-02"
"1"," -1.923043e-02"
"1"," -3.077918e-02"
"1","
O75746"
"1","  0.0026350220"
"1","  6.983839e-03"
"1"," -0.0254741275"
"1","  0.0413262834"
"1","  5.943475e-02"
"1"," -1.004160e-02"
"1","  1.541236e-02"
"1","
Q00341"
"1","  0.0363188088"
"1"," -4.378349e-02"
"1"," -0.0783821017"
"1"," -0.0010484702"
"1"," -3.247669e-02"
"1"," -8.102633e-02"
"1"," -4.294197e-02"
"1","
Q9BQ61"
"1","  0.0215162471"
"1"," -8.741475e-02"
"1"," -0.0291356533"
"1"," -0.0193935399"
"1"," -3.218933e-02"
"1"," -8.490359e-02"
"1","  1.953164e-02"
"1","
P25815"
"1"," -0.0399906751"
"1","  4.933432e-02"
"1"," -0.0424640098"
"1","  0.0077924412"
"1"," -1.649956e-02"
"1","  7.421308e-02"
"1"," -6.211604e-03"
"1","
Q7Z2Z2"
"1","  0.0250534242"
"1"," -1.159771e-02"
"1"," -0.0133757448"
"1","  0.0081878490"
"1","  2.757898e-02"
"1"," -1.166980e-02"
"1","  3.446100e-02"
"1","
"
"1","      "
"1","          PC50"
"1","
Q02809"
"1","  0.0134088535"
"1","
Q8N3F8"
"1"," -0.0346454099"
"1","
P62328"
"1"," -0.0049834113"
"1","
Q8TDI7"
"1"," -0.0025716221"
"1","
Q92854"
"1","  0.0082789049"
"1","
Q06830"
"1","  0.0294594849"
"1","
P31146"
"1","  0.0593140573"
"1","
P06396"
"1","  0.0443346357"
"1","
Q9P0W8"
"1"," -0.0014257784"
"1","
Q9H2V7"
"1","  0.0830947542"
"1","
Q52M58"
"1","  0.0275858146"
"1","
Q99615"
"1","  0.0079569363"
"1","
P15104"
"1"," -0.0243979873"
"1","
P61626"
"1"," -0.0059707268"
"1","
O00767"
"1","  0.0636251534"
"1","
O75746"
"1","  0.0223157301"
"1","
Q00341"
"1","  0.0133232038"
"1","
Q9BQ61"
"1"," -0.1210893244"
"1","
P25815"
"1"," -0.0099271883"
"1","
Q7Z2Z2"
"1"," -0.0215549402"
"1","
"
"1"," [ reached getOption(""max.print"") -- omitted 480 rows ]
"
"0","dim(attr(pcs, ""rotation""))"
"1","[1]"
"1"," 500"
"1","  50"
"1","
"
"0","dim(attr(pcs, ""percentVar""))"
"1","NULL
"
"0","(attr(pcs, ""percentVar""))"
"1"," [1]"
"1"," 26.6635498"
"1","  2.2743188"
"1","  2.0511871"
"1","  1.7614529"
"1","  1.1226564"
"1","  0.8826508"
"1","  0.7911304"
"1","  0.7509397"
"1","  0.7191485"
"1","
"
"1","[10]"
"1","  0.6815516"
"1","  0.6355992"
"1","  0.6225082"
"1","  0.6086985"
"1","  0.5901608"
"1","  0.5713838"
"1","  0.5290228"
"1","  0.5170134"
"1","  0.5066052"
"1","
"
"1","[19]"
"1","  0.4866185"
"1","  0.4751680"
"1","  0.4656864"
"1","  0.4490560"
"1","  0.4421043"
"1","  0.4348313"
"1","  0.4309866"
"1","  0.4235780"
"1","  0.4217772"
"1","
"
"1","[28]"
"1","  0.4138838"
"1","  0.4105852"
"1","  0.4031922"
"1","  0.3949938"
"1","  0.3853967"
"1","  0.3813445"
"1","  0.3788048"
"1","  0.3741489"
"1","  0.3658504"
"1","
"
"1","[37]"
"1","  0.3611775"
"1","  0.3562591"
"1","  0.3540175"
"1","  0.3506814"
"1","  0.3416886"
"1","  0.3374814"
"1","  0.3331507"
"1","  0.3309121"
"1","  0.3271289"
"1","
"
"1","[46]"
"1","  0.3209912"
"1","  0.3171860"
"1","  0.3151955"
"1","  0.3120763"
"1","  0.3113838"
"1","
"
"0","class(pcs)"
"1","[1]"
"1"," ""matrix"""
"1"," ""array"" "
"1","
"
"0","View(pcs)"
"0",""
